season,date,regular,playoffs,away_team,home_team,score_away,score_home,q1_away,q2_away,q3_away,q4_away,ot_away,q1_home,q2_home,q3_home,q4_home,ot_home,whos_favored,spread,total,away_ml,home_ml,h2_spread,h2_total,id_spread,id_total,home_won
2023,2022-10-18,True,False,phi,bos,117,126,29,34,25,29,0,24,39,35,28,0,home,3.0,216.0,135.0,-155.0,2.0,107.0,1.0,1,True
2023,2022-10-18,True,False,lal,gs,109,123,22,30,19,38,0,25,34,32,32,0,home,7.5,223.5,260.0,-310.0,2.0,114.0,1.0,1,True
2023,2022-10-19,True,False,por,sac,115,108,32,19,33,31,0,23,32,29,24,0,home,4.0,230.0,140.0,-160.0,1.0,112.0,0.0,0,False
2023,2022-10-19,True,False,dal,phx,105,107,32,30,19,24,0,24,21,31,31,0,home,4.0,218.0,160.0,-180.0,7.0,106.5,0.0,0,True
2023,2022-10-19,True,False,den,utah,102,123,30,23,27,22,0,37,38,19,29,0,away,7.0,225.5,-260.0,220.0,10.0,109.5,0.0,0,True
2023,2022-10-19,True,False,okc,min,108,115,22,30,35,21,0,35,30,22,28,0,home,11.0,226.5,475.0,-650.0,2.0,110.0,0.0,0,True
2023,2022-10-19,True,False,cha,sa,129,102,38,30,30,31,0,22,25,28,27,0,away,1.0,221.5,-120.0,100.0,5.5,108.5,1.0,1,False
2023,2022-10-19,True,False,chi,mia,116,108,28,31,37,20,0,33,26,27,22,0,home,7.5,216.0,250.0,-300.0,5.5,111.0,0.0,1,False
2023,2022-10-19,True,False,cle,tor,105,108,22,35,27,21,0,28,23,25,32,0,home,2.5,216.5,125.0,-145.0,4.0,105.5,1.0,0,True
2023,2022-10-19,True,False,no,bkn,130,108,32,26,40,32,0,14,36,28,30,0,home,3.0,232.5,130.0,-150.0,4.5,118.0,0.0,1,False
2023,2022-10-19,True,False,ny,mem,112,115,23,23,33,29,4,25,36,24,23,7,home,4.5,227.0,165.0,-185.0,2.5,110.0,0.0,2,True
2023,2022-10-19,True,False,orl,det,109,113,28,27,28,26,0,17,40,34,22,0,home,4.0,216.5,155.0,-175.0,2.0,106.0,2.0,1,True
2023,2022-10-19,True,False,wsh,ind,114,107,36,24,27,27,0,25,27,25,30,0,away,2.5,229.0,-135.0,115.0,1.0,111.5,1.0,0,False
2023,2022-10-19,True,False,hou,atl,107,117,20,30,30,27,0,26,33,25,33,0,home,10.5,235.0,400.0,-500.0,2.5,113.5,0.0,0,True
2023,2022-10-20,True,False,mil,phi,90,88,30,17,26,17,0,24,21,18,25,0,home,4.0,224.5,155.0,-175.0,4.0,114.0,0.0,0,False
2023,2022-10-20,True,False,lac,lal,103,97,35,21,29,18,0,23,33,21,20,0,away,5.0,227.0,-190.0,170.0,3.5,115.5,1.0,0,False
2023,2022-10-21,True,False,mem,hou,129,122,26,36,33,34,0,32,38,30,22,0,away,7.0,230.5,-270.0,230.0,6.5,116.5,2.0,1,False
2023,2022-10-21,True,False,phx,por,111,113,28,25,26,23,9,25,22,28,27,11,away,5.5,224.0,-200.0,175.0,1.5,114.5,0.0,2,True
2023,2022-10-21,True,False,den,gs,128,123,40,30,28,30,0,34,18,36,35,0,home,5.5,229.5,195.0,-230.0,9.0,111.5,0.0,1,False
2023,2022-10-21,True,False,utah,min,132,126,26,29,33,32,12,41,23,23,33,6,home,8.0,227.0,265.0,-320.0,2.5,115.5,0.0,1,False
2023,2022-10-21,True,False,orl,atl,98,108,27,27,27,17,0,19,31,30,28,0,home,9.0,225.5,330.0,-400.0,8.0,110.0,1.0,0,True
2023,2022-10-21,True,False,sa,ind,137,134,36,34,32,35,0,26,29,30,49,0,home,1.5,232.5,105.0,-125.0,4.0,112.5,0.0,1,False
2023,2022-10-21,True,False,bos,mia,111,104,30,29,30,22,0,22,29,26,27,0,away,2.0,221.0,-135.0,115.0,1.0,107.0,1.0,0,False
2023,2022-10-21,True,False,tor,bkn,105,109,24,28,27,26,0,28,21,29,31,0,home,2.5,226.5,120.0,-140.0,2.0,109.0,1.0,0,True
2023,2022-10-21,True,False,no,cha,124,112,35,26,32,31,0,24,27,34,27,0,away,7.0,226.0,-250.0,210.0,1.0,115.0,1.0,1,False
2023,2022-10-21,True,False,chi,wsh,100,102,30,20,24,26,0,26,30,21,25,0,home,2.0,221.0,110.0,-130.0,0.5,112.0,2.0,0,True
2023,2022-10-21,True,False,det,ny,106,130,20,32,29,25,0,30,42,31,27,0,home,7.5,221.0,225.0,-265.0,2.0,107.0,1.0,1,True
2023,2022-10-22,True,False,lac,sac,111,109,29,23,34,25,0,26,29,25,29,0,away,2.5,225.5,-140.0,120.0,1.5,116.0,0.0,0,False
2023,2022-10-22,True,False,okc,den,117,122,29,26,30,32,0,28,27,33,34,0,home,9.0,227.0,330.0,-400.0,6.5,110.5,0.0,1,True
2023,2022-10-22,True,False,mem,dal,96,137,17,19,35,25,0,39,25,35,38,0,home,6.0,220.0,170.0,-190.0,4.5,110.5,1.0,1,True
2023,2022-10-22,True,False,hou,mil,105,125,23,25,31,26,0,41,26,31,27,0,home,13.5,227.5,650.0,-1000.0,2.0,109.5,1.0,1,True
2023,2022-10-22,True,False,tor,mia,109,112,33,17,33,26,0,38,33,21,20,0,home,3.5,216.5,140.0,-160.0,3.5,106.0,0.0,1,True
2023,2022-10-22,True,False,bos,orl,126,120,36,32,31,27,0,33,35,26,26,0,away,8.5,215.5,-360.0,300.0,5.5,106.5,0.0,1,False
2023,2022-10-22,True,False,det,ind,115,124,35,21,23,36,0,25,27,36,36,0,home,1.0,232.0,-110.0,-110.0,1.5,112.5,1.0,1,True
2023,2022-10-22,True,False,sa,phi,114,105,19,35,31,29,0,25,26,26,28,0,home,13.5,224.5,700.0,-1100.0,9.5,109.5,0.0,0,False
2023,2022-10-22,True,False,cle,chi,128,96,34,36,23,35,0,25,29,25,17,0,away,1.5,221.0,-125.0,105.0,4.0,107.0,1.0,1,False
2023,2022-10-23,True,False,phx,lac,112,95,33,28,25,26,0,18,23,31,23,0,away,1.5,219.0,-130.0,110.0,5.5,112.0,1.0,0,False
2023,2022-10-23,True,False,sac,gs,125,130,36,35,23,31,0,39,50,24,17,0,home,10.0,232.5,400.0,-500.0,0.505,114.5,0.0,1,True
2023,2022-10-23,True,False,wsh,cle,107,117,31,20,25,27,4,30,27,26,20,14,home,4.0,216.5,155.0,-175.0,0.0,105.5,1.0,1,True
2023,2022-10-23,True,False,min,okc,116,106,31,22,29,34,0,18,26,30,32,0,away,9.5,225.5,-420.0,350.0,3.0,109.5,1.0,0,False
2023,2022-10-23,True,False,cha,atl,126,109,22,37,45,22,0,30,25,29,25,0,home,10.0,227.5,400.0,-500.0,8.5,112.5,0.0,1,False
2023,2022-10-23,True,False,por,lal,106,104,32,23,23,28,0,24,24,35,21,0,home,4.0,227.0,150.0,-170.0,3.5,110.0,0.0,0,False
2023,2022-10-23,True,False,utah,no,122,121,26,37,30,17,12,24,29,31,26,11,home,8.5,231.5,280.0,-340.0,7.0,116.5,0.0,1,False
2023,2022-10-24,True,False,den,por,110,135,31,30,25,24,0,23,32,44,36,0,away,5.0,227.5,-220.0,190.0,1.0,111.5,0.0,1,True
2023,2022-10-24,True,False,bos,chi,102,120,39,15,25,23,0,30,35,35,20,0,away,5.5,225.5,-210.0,180.0,6.0,109.5,0.0,0,True
2023,2022-10-24,True,False,bkn,mem,124,134,34,35,28,27,0,39,25,45,25,0,home,1.5,235.5,100.0,-120.0,1.0,115.0,1.0,1,True
2023,2022-10-24,True,False,utah,hou,108,114,18,27,28,35,0,21,30,26,37,0,away,2.5,234.0,-135.0,115.0,3.0,119.0,0.0,0,True
2023,2022-10-24,True,False,tor,mia,98,90,27,21,23,27,0,23,20,33,14,0,home,3.5,214.0,150.0,-170.0,3.0,104.5,0.0,0,False
2023,2022-10-24,True,False,orl,ny,102,115,28,31,23,20,0,34,31,31,19,0,home,7.5,223.0,250.0,-300.0,2.5,108.5,1.0,0,True
2023,2022-10-24,True,False,ind,phi,106,120,23,23,30,30,0,33,31,26,30,0,home,12.5,228.5,550.0,-800.0,1.0,111.0,1.0,0,True
2023,2022-10-24,True,False,sa,min,115,106,39,28,36,12,0,28,29,14,35,0,home,8.5,234.5,300.0,-360.0,7.5,115.5,0.0,0,False
2023,2022-10-25,True,False,det,wsh,99,120,25,24,26,24,0,28,28,29,35,0,home,5.5,221.0,190.0,-220.0,0.5,107.0,1.0,0,True
2023,2022-10-25,True,False,dal,no,111,113,31,33,25,22,0,40,26,21,26,0,away,5.0,218.5,-210.0,180.0,4.0,107.0,0.0,1,True
2023,2022-10-25,True,False,lac,okc,94,108,18,25,25,26,0,23,26,35,24,0,away,5.5,217.5,-220.0,190.0,4.5,110.5,0.0,0,True
2023,2022-10-25,True,False,gs,phx,105,134,29,37,20,19,0,37,35,33,29,0,home,1.5,227.5,100.0,-120.0,1.5,110.5,1.0,1,True
2023,2022-10-26,True,False,ind,chi,109,124,27,30,36,16,0,38,38,27,21,0,home,7.0,233.5,240.0,-280.0,2.0,112.5,1.0,0,True
2023,2022-10-26,True,False,lal,den,99,110,22,32,17,28,0,26,28,32,24,0,home,5.0,230.5,175.0,-200.0,3.5,117.5,1.0,0,True
2023,2022-10-26,True,False,hou,utah,101,109,21,28,26,26,0,22,39,28,20,0,home,8.5,232.5,300.0,-360.0,1.5,112.5,0.0,0,True
2023,2022-10-26,True,False,sa,min,122,134,28,25,41,28,0,39,29,34,32,0,home,9.5,235.0,375.0,-450.0,0.5,113.0,1.0,1,True
2023,2022-10-26,True,False,mia,por,119,98,28,33,33,25,0,31,25,25,17,0,away,2.5,220.5,-140.0,120.0,0.5,108.5,1.0,0,False
2023,2022-10-26,True,False,bkn,mil,99,110,20,35,21,23,0,25,18,35,32,0,home,3.0,230.0,140.0,-160.0,4.5,111.5,1.0,0,True
2023,2022-10-26,True,False,orl,cle,92,103,24,26,19,23,0,30,24,19,30,0,home,9.0,215.5,325.0,-390.0,3.5,104.5,1.0,0,True
2023,2022-10-26,True,False,phi,tor,109,119,27,26,26,30,0,35,28,26,30,0,home,1.0,211.5,-105.0,-115.0,3.0,103.0,1.0,1,True
2023,2022-10-26,True,False,cha,ny,131,134,30,32,28,32,9,32,37,29,24,12,home,7.5,224.0,250.0,-300.0,2.0,115.5,0.0,1,True
2023,2022-10-26,True,False,atl,det,118,113,36,26,27,29,0,32,29,28,24,0,away,7.5,229.0,-300.0,250.0,4.5,110.0,0.0,1,False
2023,2022-10-27,True,False,dal,bkn,129,125,30,31,29,22,17,23,36,25,28,13,away,2.5,225.5,-140.0,120.0,1.5,109.5,1.0,1,False
2023,2022-10-27,True,False,lac,okc,110,118,24,36,27,23,0,34,19,36,29,0,away,7.0,218.5,-260.0,220.0,1.5,111.5,0.0,1,True
2023,2022-10-27,True,False,mia,gs,110,123,30,29,28,23,0,31,32,29,31,0,home,6.0,228.0,200.0,-240.0,3.0,110.0,1.0,1,True
2023,2022-10-27,True,False,mem,sac,125,110,32,31,31,31,0,28,28,27,27,0,away,2.5,236.5,-140.0,120.0,0.5,120.5,1.0,0,False
2023,2022-10-28,True,False,ind,wsh,127,117,36,39,26,26,0,28,32,30,27,0,home,4.5,228.5,180.0,-210.0,7.0,111.5,0.0,1,False
2023,2022-10-28,True,False,no,phx,111,124,27,25,31,28,0,21,36,36,31,0,home,8.0,226.0,265.0,-320.0,3.5,116.0,1.0,1,True
2023,2022-10-28,True,False,utah,den,101,117,25,25,28,23,0,35,28,26,28,0,home,7.5,232.0,260.0,-310.0,0.0,117.0,1.0,0,True
2023,2022-10-28,True,False,chi,sa,124,129,29,31,34,30,0,36,26,32,35,0,away,4.0,230.5,-170.0,150.0,4.0,118.0,0.0,1,True
2023,2022-10-28,True,False,ny,mil,108,119,24,29,32,23,0,26,33,37,23,0,home,6.0,223.5,195.0,-230.0,2.0,108.0,1.0,1,True
2023,2022-10-28,True,False,phi,tor,112,90,28,37,16,31,0,26,22,22,20,0,home,3.5,214.5,140.0,-160.0,7.0,104.5,0.0,0,False
2023,2022-10-28,True,False,cle,bos,132,123,33,29,33,19,18,34,41,24,15,9,home,7.0,218.5,225.0,-265.0,0.5,106.0,0.0,1,False
2023,2022-10-28,True,False,hou,por,111,125,23,35,24,29,0,32,37,27,29,0,home,4.0,222.5,160.0,-180.0,2.0,109.0,1.0,1,True
2023,2022-10-28,True,False,cha,orl,93,113,19,11,23,40,0,22,29,31,31,0,away,1.5,220.5,-125.0,105.0,6.0,110.5,0.0,0,True
2023,2022-10-28,True,False,atl,det,136,112,35,34,37,30,0,29,38,27,18,0,away,6.0,229.5,-240.0,200.0,3.0,112.5,1.0,1,False
2023,2022-10-28,True,False,lal,min,102,111,25,27,23,27,0,28,24,26,33,0,home,8.0,232.0,260.0,-310.0,5.5,117.5,1.0,0,True
2023,2022-10-29,True,False,mem,utah,123,124,30,24,37,32,0,24,38,33,29,0,away,3.0,225.0,-160.0,140.0,3.5,116.5,0.0,1,True
2023,2022-10-29,True,False,ind,bkn,125,116,26,37,29,33,0,26,36,28,26,0,home,11.0,239.5,450.0,-600.0,7.5,117.0,0.0,1,False
2023,2022-10-29,True,False,okc,dal,117,111,27,19,26,27,18,25,26,20,28,12,home,10.5,219.0,400.0,-500.0,5.0,105.5,0.0,1,False
2023,2022-10-29,True,False,atl,mil,115,123,30,21,33,31,0,32,27,32,32,0,home,5.5,228.5,185.0,-215.0,1.5,110.0,1.0,1,True
2023,2022-10-29,True,False,gs,cha,113,120,23,27,33,24,6,34,28,18,27,13,away,10.0,233.5,-500.0,400.0,8.5,113.5,0.0,0,True
2023,2022-10-29,True,False,mia,sac,113,119,23,26,33,31,0,32,39,19,29,0,away,4.0,227.5,-165.0,145.0,8.0,109.0,0.0,1,True
2023,2022-10-29,True,False,phi,chi,114,109,37,27,26,24,0,22,34,31,22,0,away,2.5,221.5,-140.0,120.0,1.5,107.5,1.0,1,False
2023,2022-10-30,True,False,hou,phx,109,124,24,32,30,23,0,29,36,25,34,0,home,13.0,227.5,600.0,-900.0,4.5,110.0,1.0,1,True
2023,2022-10-30,True,False,no,lac,112,91,18,34,26,34,0,25,27,15,24,0,home,2.0,226.0,110.0,-130.0,1.0,115.5,0.0,0,False
2023,2022-10-30,True,False,wsh,bos,94,112,15,32,21,26,0,34,24,29,25,0,home,9.5,221.5,350.0,-420.0,1.5,108.0,1.0,0,True
2023,2022-10-30,True,False,ny,cle,108,121,30,29,34,15,0,35,27,22,37,0,home,4.0,220.0,150.0,-170.0,1.5,107.0,1.0,1,True
2023,2022-10-30,True,False,gs,det,114,128,37,18,36,23,0,29,34,37,28,0,away,7.5,231.5,-310.0,260.0,8.0,112.5,0.0,1,True
2023,2022-10-30,True,False,min,sa,98,107,23,24,23,28,0,26,31,28,22,0,away,6.0,237.5,-240.0,200.0,6.0,113.0,0.0,0,True
2023,2022-10-30,True,False,orl,dal,105,114,34,26,23,22,0,29,31,28,26,0,home,9.5,211.5,330.0,-400.0,6.0,103.5,0.0,1,True
2023,2022-10-30,True,False,den,lal,110,121,31,20,34,25,0,26,29,38,28,0,away,2.5,228.5,-150.0,130.0,2.0,111.0,0.0,1,True
2023,2022-10-31,True,False,mem,utah,105,121,26,18,30,31,0,23,38,36,24,0,away,2.5,231.5,-140.0,120.0,6.5,118.0,0.0,0,True
2023,2022-10-31,True,False,det,mil,108,110,23,29,25,31,0,34,26,28,22,0,home,13.5,224.0,600.0,-900.0,5.5,109.5,0.0,0,True
2023,2022-10-31,True,False,atl,tor,109,139,28,25,27,29,0,34,30,31,44,0,home,2.0,222.5,110.0,-130.0,3.0,107.5,1.0,1,True
2023,2022-10-31,True,False,hou,lac,93,95,23,29,24,17,0,30,21,22,22,0,home,8.5,225.5,310.0,-370.0,6.0,110.0,0.0,0,True
2023,2022-10-31,True,False,sac,cha,115,108,24,28,37,26,0,34,33,18,23,0,away,3.5,231.5,-160.0,140.0,6.0,113.0,1.0,0,False
2023,2022-10-31,True,False,phi,wsh,118,111,30,22,34,32,0,28,24,21,38,0,away,2.5,216.0,-135.0,115.0,1.5,106.0,1.0,1,False
2023,2022-10-31,True,False,ind,bkn,109,116,18,36,31,24,0,33,28,31,24,0,home,8.0,236.5,270.0,-330.0,2.0,114.5,0.0,0,True
2023,2022-11-01,True,False,min,phx,107,116,20,27,26,34,0,24,30,30,32,0,home,4.0,228.0,150.0,-170.0,0.5,111.0,1.0,0,True
2023,2022-11-01,True,False,gs,mia,109,116,24,32,38,15,0,33,25,28,30,0,home,1.5,226.0,-105.0,-115.0,0.5,109.5,1.0,0,True
2023,2022-11-01,True,False,chi,bkn,108,99,25,27,25,31,0,27,31,22,19,0,home,2.0,233.0,110.0,-130.0,0.5,118.0,0.0,0,False
2023,2022-11-01,True,False,orl,okc,108,116,32,34,22,20,0,33,30,22,31,0,home,3.0,216.5,135.0,-155.0,3.0,106.0,1.0,1,True
2023,2022-11-02,True,False,no,lal,117,120,27,17,35,32,6,23,33,26,29,9,away,2.5,230.0,-130.0,110.0,4.5,117.0,0.0,1,True
2023,2022-11-02,True,False,mem,por,111,106,30,22,26,33,0,23,22,27,34,0,away,5.5,227.5,-210.0,180.0,1.5,116.0,0.0,0,False
2023,2022-11-02,True,False,utah,dal,100,103,35,15,28,22,0,23,24,27,29,0,home,6.5,222.0,210.0,-250.0,5.5,114.0,0.0,0,True
2023,2022-11-02,True,False,lac,hou,109,101,34,22,30,23,0,24,29,26,22,0,away,6.0,223.0,-220.0,190.0,3.0,114.5,1.0,0,False
2023,2022-11-02,True,False,tor,sa,143,100,32,32,40,39,0,31,18,21,30,0,away,6.5,223.5,-250.0,210.0,1.5,109.0,1.0,1,False
2023,2022-11-02,True,False,det,mil,91,116,26,21,21,23,0,31,25,29,31,0,home,11.5,223.0,475.0,-650.0,4.0,108.0,1.0,0,True
2023,2022-11-02,True,False,sac,mia,107,110,32,19,25,31,0,33,20,24,33,0,home,4.5,220.5,170.0,-190.0,2.5,107.5,0.0,0,True
2023,2022-11-02,True,False,cha,chi,88,106,26,26,18,18,0,27,34,23,22,0,home,6.0,225.0,200.0,-240.0,1.0,111.5,1.0,0,True
2023,2022-11-02,True,False,bos,cle,113,114,27,29,20,31,6,35,15,33,24,7,away,1.5,220.0,-125.0,105.0,1.0,108.0,0.0,1,True
2023,2022-11-02,True,False,wsh,phi,121,111,31,26,34,30,0,25,26,39,21,0,home,5.5,217.0,190.0,-220.0,4.5,107.0,0.0,1,False
2023,2022-11-02,True,False,atl,ny,112,99,21,36,32,23,0,32,33,10,24,0,home,2.5,233.0,115.0,-135.0,1.0,113.0,0.0,0,False
2023,2022-11-03,True,False,gs,orl,129,130,30,35,33,31,0,30,23,43,34,0,away,9.5,226.0,-420.0,350.0,1.5,110.0,0.0,1,True
2023,2022-11-03,True,False,den,okc,122,110,42,29,22,29,0,29,28,38,15,0,away,6.5,228.5,-250.0,210.0,0.5,111.0,1.0,1,False
2023,2022-11-04,True,False,utah,lal,130,116,40,35,25,30,0,34,28,33,21,0,home,3.5,229.0,145.0,-165.0,5.0,117.0,0.0,1,False
2023,2022-11-04,True,False,mil,min,115,102,34,27,34,20,0,26,28,30,18,0,away,2.0,225.5,-135.0,115.0,1.0,115.5,1.0,0,False
2023,2022-11-04,True,False,por,phx,108,106,25,34,27,22,0,28,21,31,26,0,home,12.5,217.0,500.0,-700.0,10.0,106.0,0.0,0,False
2023,2022-11-04,True,False,gs,no,105,114,27,27,25,26,0,26,35,27,26,0,home,10.5,226.5,400.0,-500.0,4.0,109.5,0.0,0,True
2023,2022-11-04,True,False,lac,sa,113,106,28,26,28,31,0,18,40,28,20,0,away,3.5,225.5,-160.0,140.0,3.0,115.5,1.0,0,False
2023,2022-11-04,True,False,tor,dal,110,111,29,28,24,29,0,31,31,34,15,0,home,4.5,215.5,160.0,-180.0,1.0,104.5,0.0,1,True
2023,2022-11-04,True,False,chi,bos,119,123,31,26,30,32,0,26,37,30,30,0,home,7.0,223.5,230.0,-270.0,2.0,113.0,0.0,1,True
2023,2022-11-04,True,False,cle,det,112,88,24,33,33,22,0,21,18,29,20,0,away,3.5,215.0,-165.0,145.0,3.0,104.5,1.0,0,False
2023,2022-11-04,True,False,ny,phi,106,104,21,37,16,32,0,22,31,30,21,0,home,1.0,220.5,110.0,-130.0,1.0,105.5,0.0,0,False
2023,2022-11-04,True,False,mia,ind,99,101,29,21,27,22,0,28,34,18,21,0,away,3.0,225.0,-150.0,130.0,5.0,109.0,0.0,0,True
2023,2022-11-04,True,False,bkn,wsh,128,86,38,31,27,32,0,28,29,13,16,0,home,3.0,222.5,130.0,-150.0,4.0,108.0,0.0,0,False
2023,2022-11-04,True,False,cha,mem,99,130,23,24,22,30,0,41,30,33,26,0,home,11.0,226.5,450.0,-600.0,0.5,111.0,1.0,1,True
2023,2022-11-05,True,False,por,phx,82,102,26,14,21,21,0,35,26,23,18,0,home,12.5,215.5,475.0,-650.0,0.5,105.0,1.0,0,True
2023,2022-11-05,True,False,okc,mil,94,108,34,19,25,16,0,34,33,26,15,0,home,5.5,219.0,180.0,-210.0,1.5,106.5,1.0,0,True
2023,2022-11-05,True,False,hou,min,117,129,34,15,34,34,0,40,28,35,26,0,home,8.0,234.0,250.0,-300.0,1.5,114.0,1.0,1,True
2023,2022-11-05,True,False,sa,den,101,126,27,24,25,25,0,40,30,29,27,0,home,11.5,235.5,450.0,-600.0,1.5,114.0,1.0,0,True
2023,2022-11-05,True,False,no,atl,121,124,28,24,33,24,12,29,31,28,21,15,home,2.0,234.5,110.0,-130.0,1.5,119.0,1.0,1,True
2023,2022-11-05,True,False,bkn,cha,98,94,30,22,17,29,0,21,23,26,24,0,away,3.5,224.0,-160.0,140.0,0.5,107.5,1.0,0,False
2023,2022-11-05,True,False,sac,orl,126,123,25,22,36,23,20,33,32,12,29,17,away,4.5,228.5,-180.0,160.0,7.5,111.0,0.0,1,False
2023,2022-11-05,True,False,bos,ny,133,118,32,35,34,32,0,29,37,30,22,0,away,4.5,227.0,-175.0,155.0,2.5,110.5,1.0,1,False
2023,2022-11-06,True,False,cle,lal,114,100,30,28,29,27,0,36,28,16,20,0,away,5.5,222.5,-210.0,180.0,4.0,109.0,1.0,0,False
2023,2022-11-06,True,False,chi,tor,104,113,30,19,33,22,0,21,34,28,30,0,home,4.0,219.5,155.0,-175.0,0.0,112.5,1.0,0,True
2023,2022-11-06,True,False,wsh,mem,97,103,25,18,31,23,0,24,33,24,22,0,home,9.5,224.0,330.0,-400.0,1.0,113.5,0.0,0,True
2023,2022-11-06,True,False,utah,lac,110,102,29,34,21,26,0,29,27,29,17,0,home,4.0,218.5,150.0,-170.0,4.0,111.5,0.0,0,False
2023,2022-11-07,True,False,ny,min,120,107,38,38,27,17,0,29,23,28,27,0,home,2.5,235.5,120.0,-140.0,7.5,113.5,0.0,0,False
2023,2022-11-07,True,False,lal,utah,116,139,34,37,27,18,0,42,34,39,24,0,home,7.0,224.5,235.0,-275.0,2.5,115.0,1.0,1,True
2023,2022-11-07,True,False,sac,gs,113,116,31,36,21,25,0,29,26,24,37,0,home,8.0,235.5,270.0,-330.0,8.0,113.0,0.0,0,True
2023,2022-11-07,True,False,bkn,dal,94,96,34,16,23,21,0,29,24,19,24,0,home,6.0,216.0,190.0,-220.0,2.5,103.5,0.0,0,True
2023,2022-11-07,True,False,cle,lac,117,119,37,27,23,30,0,31,33,24,31,0,away,4.0,212.5,-180.0,160.0,3.0,103.5,0.0,1,True
2023,2022-11-07,True,False,den,sa,115,109,28,37,29,21,0,28,34,27,20,0,away,7.5,234.5,-330.0,270.0,3.5,113.5,0.0,0,False
2023,2022-11-07,True,False,bos,mem,109,106,28,37,19,25,0,34,20,31,21,0,away,3.5,233.0,-160.0,140.0,1.5,112.5,0.0,0,False
2023,2022-11-07,True,False,no,ind,122,129,30,25,36,31,0,32,26,42,29,0,away,5.0,233.5,-190.0,170.0,4.5,119.0,0.0,1,True
2023,2022-11-07,True,False,por,mia,110,107,28,25,20,37,0,28,32,21,26,0,home,5.0,216.5,175.0,-200.0,0.5,105.5,0.0,1,False
2023,2022-11-07,True,False,mil,atl,98,117,36,22,22,18,0,25,27,37,28,0,away,5.5,219.5,-220.0,190.0,1.5,112.5,0.0,0,True
2023,2022-11-07,True,False,phx,phi,88,100,20,27,23,18,0,33,23,19,25,0,away,1.0,215.0,-130.0,110.0,3.5,109.0,0.0,0,True
2023,2022-11-07,True,False,okc,det,103,112,33,30,22,18,0,28,20,35,29,0,away,2.0,223.5,-130.0,110.0,3.0,108.0,0.0,0,True
2023,2022-11-07,True,False,hou,orl,134,127,33,38,29,34,0,30,35,23,39,0,home,5.0,224.0,170.0,-190.0,3.5,109.0,0.0,1,False
2023,2022-11-07,True,False,wsh,cha,108,100,26,20,30,32,0,18,30,24,28,0,home,2.0,213.5,110.0,-130.0,1.0,109.0,0.0,0,False
2023,2022-11-07,True,False,tor,chi,97,111,27,26,17,27,0,30,28,28,25,0,home,2.0,221.5,115.0,-135.0,0.5,108.5,1.0,0,True
2023,2022-11-09,True,False,lal,lac,101,114,21,31,23,26,0,38,16,33,27,0,home,3.0,219.0,130.0,-150.0,1.5,112.5,1.0,0,True
2023,2022-11-09,True,False,cle,sac,120,127,29,29,35,27,0,34,35,28,30,0,away,4.0,228.0,-170.0,150.0,5.0,110.5,0.0,1,True
2023,2022-11-09,True,False,mil,okc,136,132,27,28,29,35,17,27,28,32,32,13,away,1.0,213.5,-115.0,-105.0,1.0,110.5,1.0,1,False
2023,2022-11-09,True,False,phx,min,129,117,39,30,35,25,0,25,26,31,35,0,home,2.0,224.0,105.0,-125.0,5.5,114.5,0.0,1,False
2023,2022-11-09,True,False,mem,sa,124,122,38,28,23,23,12,32,27,35,18,10,away,6.0,234.5,-200.0,175.0,1.5,119.5,0.0,1,False
2023,2022-11-09,True,False,utah,atl,125,119,26,37,22,40,0,22,32,36,29,0,home,4.5,231.5,160.0,-180.0,4.0,119.0,0.0,1,False
2023,2022-11-09,True,False,no,chi,115,111,22,30,27,36,0,22,28,32,29,0,away,2.0,232.0,-130.0,110.0,1.0,118.5,1.0,0,False
2023,2022-11-09,True,False,ny,bkn,85,112,22,22,27,14,0,38,31,23,20,0,home,3.5,221.0,140.0,-160.0,4.5,106.0,1.0,0,True
2023,2022-11-09,True,False,hou,tor,109,116,37,17,28,27,0,29,28,29,30,0,home,10.0,224.5,375.0,-450.0,5.0,108.0,0.0,1,True
2023,2022-11-09,True,False,dal,orl,87,94,28,26,20,13,0,24,26,23,21,0,away,8.5,212.5,-380.0,320.0,4.0,102.5,0.0,0,True
2023,2022-11-09,True,False,por,cha,105,95,25,33,28,19,0,30,23,26,16,0,away,2.0,221.5,-130.0,110.0,0.5,107.0,1.0,0,False
2023,2022-11-09,True,False,den,ind,122,119,35,21,33,33,0,27,43,25,24,0,away,5.0,236.0,-190.0,170.0,6.5,113.5,0.0,1,False
2023,2022-11-09,True,False,det,bos,112,128,21,28,30,33,0,29,34,32,33,0,home,13.5,226.0,550.0,-800.0,3.5,109.0,1.0,1,True
2023,2022-11-10,True,False,dal,wsh,105,113,34,27,22,22,0,28,30,29,26,0,away,6.0,209.5,-220.0,190.0,3.0,102.0,0.0,1,True
2023,2022-11-10,True,False,phi,atl,95,104,20,22,24,29,0,29,17,34,24,0,home,1.0,222.0,100.0,-120.0,0.5,106.5,1.0,0,True
2023,2022-11-10,True,False,cha,mia,112,117,27,23,23,31,8,32,26,27,19,13,home,11.0,213.0,450.0,-600.0,4.0,108.5,0.0,1,True
2023,2022-11-10,True,False,por,no,106,95,27,24,27,28,0,27,30,17,21,0,home,10.0,223.0,330.0,-400.0,4.0,109.0,0.0,0,False
2023,2022-11-11,True,False,sac,lal,120,114,23,33,31,33,0,23,37,28,26,0,away,4.0,233.0,-170.0,150.0,5.0,112.5,1.0,1,False
2023,2022-11-11,True,False,cle,gs,101,106,25,27,25,24,0,25,23,26,32,0,home,3.0,231.5,130.0,-150.0,1.5,112.5,1.0,0,True
2023,2022-11-11,True,False,min,mem,103,114,30,33,21,19,0,33,39,24,18,0,home,4.0,234.5,150.0,-170.0,0.5,113.5,1.0,0,True
2023,2022-11-11,True,False,tor,okc,113,132,24,32,29,28,0,29,41,36,26,0,away,5.0,219.5,-200.0,175.0,6.5,107.0,0.0,1,True
2023,2022-11-11,True,False,phx,orl,97,114,23,29,22,23,0,30,28,29,27,0,away,7.5,215.5,-300.0,250.0,7.0,110.0,0.0,0,True
2023,2022-11-11,True,False,det,ny,112,121,26,32,22,32,0,30,38,26,27,0,home,9.5,224.0,320.0,-380.0,1.5,108.0,0.0,1,True
2023,2022-11-11,True,False,den,bos,112,131,25,32,34,21,0,33,33,31,34,0,home,4.5,230.5,160.0,-180.0,0.5,112.0,1.0,1,True
2023,2022-11-11,True,False,mil,sa,93,111,27,19,30,17,0,31,23,29,28,0,home,1.5,218.5,105.0,-125.0,1.5,113.0,1.0,0,True
2023,2022-11-12,True,False,cha,mia,115,132,33,26,25,31,0,34,23,45,30,0,home,8.0,214.5,150.0,-170.0,6.5,109.5,1.0,1,True
2023,2022-11-12,True,False,por,dal,112,117,25,32,31,24,0,35,24,26,32,0,home,6.5,219.0,215.0,-255.0,3.0,105.5,0.0,1,True
2023,2022-11-12,True,False,atl,phi,109,121,24,27,33,25,0,37,30,32,22,0,home,3.0,223.0,130.0,-150.0,4.0,108.5,1.0,1,True
2023,2022-11-12,True,False,hou,no,106,119,26,24,37,19,0,34,29,23,33,0,home,11.0,233.5,400.0,-500.0,1.5,113.5,1.0,0,True
2023,2022-11-12,True,False,bos,det,117,108,30,25,34,28,0,29,28,24,27,0,away,8.5,225.0,-370.0,310.0,6.5,109.5,1.0,2,False
2023,2022-11-12,True,False,bkn,lac,110,95,24,30,21,35,0,19,31,21,24,0,home,1.5,212.0,100.0,-120.0,1.0,103.5,0.0,0,False
2023,2022-11-12,True,False,tor,ind,104,118,26,39,25,14,0,28,24,30,36,0,home,3.0,229.0,130.0,-150.0,4.5,111.5,1.0,0,True
2023,2022-11-12,True,False,utah,wsh,112,121,30,25,29,28,0,28,33,31,29,0,away,4.0,221.0,-180.0,160.0,3.0,114.0,0.0,1,True
2023,2022-11-13,True,False,bkn,lal,103,116,22,24,31,26,0,26,29,25,36,0,away,5.0,217.5,-200.0,175.0,4.5,105.5,0.0,1,True
2023,2022-11-13,True,False,den,chi,126,103,32,30,35,29,0,20,27,29,27,0,away,1.5,230.0,-125.0,105.0,3.5,111.5,1.0,0,False
2023,2022-11-13,True,False,utah,phi,98,105,30,27,21,20,0,26,25,27,27,0,home,3.5,217.5,140.0,-160.0,3.0,111.5,1.0,0,True
2023,2022-11-13,True,False,gs,sac,115,122,39,23,29,24,0,26,38,34,24,0,away,4.0,236.5,-180.0,160.0,5.0,115.5,0.0,1,True
2023,2022-11-13,True,False,mem,wsh,92,102,19,32,23,18,0,23,32,27,20,0,home,1.5,217.5,105.0,-125.0,0.5,112.0,1.0,0,True
2023,2022-11-13,True,False,okc,ny,145,135,36,43,43,23,0,48,25,33,29,0,home,5.5,226.0,180.0,-210.0,4.5,116.0,0.0,1,False
2023,2022-11-13,True,False,min,cle,129,124,40,27,37,25,0,20,30,34,40,0,home,0.0,221.0,-110.0,-110.0,4.5,108.0,0.0,1,False
2023,2022-11-14,True,False,tor,det,115,111,27,31,30,27,0,23,28,26,34,0,away,4.5,218.5,-170.0,150.0,0.5,106.0,0.0,1,False
2023,2022-11-14,True,False,phx,mia,112,113,31,26,34,21,0,35,23,26,29,0,home,2.5,216.0,120.0,-140.0,1.5,110.5,0.0,1,True
2023,2022-11-14,True,False,okc,bos,122,126,35,34,27,26,0,32,30,27,37,0,home,12.0,229.0,475.0,-650.0,10.5,117.0,0.0,1,True
2023,2022-11-14,True,False,lac,hou,122,106,31,27,31,33,0,23,23,32,28,0,away,5.0,219.5,-190.0,170.0,1.5,112.5,1.0,1,False
2023,2022-11-14,True,False,atl,mil,121,106,29,34,31,27,0,24,26,30,26,0,home,4.0,226.0,150.0,-170.0,5.5,109.0,0.0,1,False
2023,2022-11-14,True,False,sa,gs,95,132,26,19,23,27,0,33,28,38,33,0,home,9.0,234.0,320.0,-380.0,0.5,113.5,1.0,0,True
2023,2022-11-14,True,False,cha,orl,112,105,31,27,26,28,0,23,22,24,36,0,away,1.5,225.0,-125.0,105.0,3.5,108.0,1.0,0,False
2023,2022-11-15,True,False,sa,por,110,117,29,27,33,21,0,30,32,31,24,0,home,8.5,226.0,300.0,-360.0,3.0,110.5,0.0,1,True
2023,2022-11-15,True,False,bkn,sac,121,153,30,24,28,39,0,36,37,42,38,0,home,2.0,225.0,105.0,-125.0,4.5,109.0,1.0,1,True
2023,2022-11-15,True,False,ny,utah,118,111,23,38,22,35,0,27,31,27,26,0,home,4.0,231.5,155.0,-175.0,4.0,111.5,0.0,0,False
2023,2022-11-15,True,False,mem,no,102,113,35,25,27,15,0,32,27,30,24,0,home,1.5,223.5,100.0,-120.0,1.0,115.0,1.0,0,True
2023,2022-11-15,True,False,lac,dal,101,103,15,17,33,36,0,30,24,15,34,0,home,6.5,212.5,220.0,-260.0,3.0,108.5,0.0,0,True
2023,2022-11-16,True,False,gs,phx,119,130,33,32,24,30,0,36,36,31,27,0,away,2.5,227.0,-140.0,120.0,3.5,111.5,0.0,1,True
2023,2022-11-16,True,False,ny,den,106,103,30,25,25,26,0,27,27,30,19,0,home,2.0,226.0,110.0,-130.0,2.0,109.5,0.0,0,False
2023,2022-11-16,True,False,chi,no,110,124,28,25,25,32,0,32,26,37,29,0,home,1.5,226.5,105.0,-125.0,1.0,116.0,1.0,1,True
2023,2022-11-16,True,False,cle,mil,98,113,37,23,18,20,0,34,27,34,18,0,home,2.0,218.0,110.0,-130.0,1.5,105.5,1.0,0,True
2023,2022-11-16,True,False,hou,dal,101,92,31,26,19,25,0,28,23,23,18,0,home,6.5,218.0,210.0,-250.0,5.0,106.0,0.0,0,False
2023,2022-11-16,True,False,bos,atl,126,101,30,32,35,29,0,18,35,25,23,0,home,0.0,234.5,-110.0,-110.0,2.0,114.0,0.0,0,False
2023,2022-11-16,True,False,min,orl,126,108,42,32,24,28,0,24,25,31,28,0,away,8.0,224.0,-300.0,250.0,2.0,107.5,1.0,1,False
2023,2022-11-16,True,False,okc,wsh,121,120,29,25,35,32,0,37,30,20,33,0,home,5.0,230.5,170.0,-190.0,1.5,110.5,0.0,1,False
2023,2022-11-16,True,False,ind,cha,125,113,27,33,30,35,0,27,36,27,23,0,away,1.0,237.0,-110.0,-110.0,0.5,115.5,1.0,1,False
2023,2022-11-16,True,False,mia,tor,104,112,31,29,19,25,0,27,27,30,28,0,home,3.5,216.5,140.0,-160.0,3.0,105.0,1.0,0,True
2023,2022-11-17,True,False,bkn,por,109,107,28,29,28,24,0,28,33,21,25,0,home,3.0,220.5,120.0,-140.0,1.0,106.5,0.0,0,False
2023,2022-11-17,True,False,sa,sac,112,130,28,28,26,30,0,37,26,26,41,0,home,7.5,236.5,245.0,-290.0,2.0,115.0,1.0,1,True
2023,2022-11-17,True,False,det,lac,91,96,23,27,17,24,0,15,27,26,28,0,home,10.5,219.0,400.0,-500.0,10.0,107.0,0.0,0,True
2023,2022-11-18,True,False,den,dal,99,127,27,28,28,16,0,29,44,32,22,0,home,10.0,216.0,330.0,-400.0,0.0,105.5,1.0,1,True
2023,2022-11-18,True,False,ny,gs,101,111,19,31,24,27,0,35,26,26,24,0,home,7.5,234.5,230.0,-270.0,0.5,113.5,1.0,0,True
2023,2022-11-18,True,False,phx,utah,133,134,35,31,39,28,0,42,32,33,27,0,away,1.0,228.0,-115.0,-105.0,2.5,116.5,0.0,1,True
2023,2022-11-18,True,False,bos,no,117,109,40,27,22,28,0,25,32,21,31,0,away,3.0,227.5,-150.0,130.0,1.5,112.0,1.0,0,False
2023,2022-11-18,True,False,orl,chi,108,107,37,29,21,21,0,24,28,27,28,0,home,8.5,221.0,320.0,-385.0,9.0,107.5,0.0,0,False
2023,2022-11-18,True,False,det,lal,121,128,37,27,31,26,0,30,38,28,32,0,home,6.0,225.5,210.0,-250.0,2.5,110.5,1.0,1,True
2023,2022-11-18,True,False,ind,hou,99,91,10,35,26,28,0,25,25,20,21,0,away,5.5,236.0,-220.0,190.0,4.0,113.0,1.0,0,False
2023,2022-11-18,True,False,cha,cle,122,132,14,32,24,35,17,28,30,24,23,27,home,10.0,220.0,400.0,-500.0,1.5,107.0,2.0,1,True
2023,2022-11-18,True,False,mil,phi,102,110,34,28,22,18,0,24,31,34,21,0,away,1.0,212.5,-120.0,100.0,0.5,108.5,0.0,0,True
2023,2022-11-18,True,False,mia,wsh,106,107,31,38,19,16,2,33,24,24,23,3,home,8.0,216.5,260.0,-310.0,8.0,106.0,0.0,0,True
2023,2022-11-18,True,False,okc,mem,110,121,28,31,24,27,0,33,30,29,29,0,home,6.5,230.0,200.0,-240.0,2.5,111.5,1.0,1,True
2023,2022-11-19,True,False,tor,atl,122,124,31,31,27,22,11,29,26,27,29,13,home,5.5,226.0,185.0,-215.0,5.0,110.0,0.0,1,True
2023,2022-11-19,True,False,orl,ind,113,114,28,27,29,29,0,22,29,38,25,0,home,7.5,226.5,260.0,-310.0,6.5,108.5,0.0,1,True
2023,2022-11-19,True,False,min,phi,112,109,33,30,34,15,0,23,28,31,27,0,away,3.5,217.5,-160.0,140.0,1.5,105.0,0.0,1,False
2023,2022-11-19,True,False,utah,por,118,113,20,38,29,31,0,23,28,28,34,0,home,4.5,228.0,165.0,-185.0,5.0,117.0,0.0,1,False
2023,2022-11-19,True,False,sa,lac,97,119,22,26,21,28,0,40,24,27,28,0,home,8.5,221.0,330.0,-400.0,1.0,106.5,1.0,0,True
2023,2022-11-20,True,False,sa,lal,92,123,20,28,19,25,0,34,32,29,28,0,home,6.0,228.0,200.0,-240.0,3.0,110.5,1.0,0,True
2023,2022-11-20,True,False,den,dal,98,97,25,30,24,19,0,25,31,18,23,0,home,10.5,217.5,400.0,-500.0,4.5,105.0,0.0,0,False
2023,2022-11-20,True,False,gs,hou,127,120,40,21,36,30,0,28,37,29,26,0,away,10.5,233.0,-500.0,400.0,9.0,113.0,0.0,1,False
2023,2022-11-20,True,False,mem,bkn,115,127,29,33,31,22,0,28,29,39,31,0,home,7.5,224.0,250.0,-300.0,7.5,114.0,1.0,1,True
2023,2022-11-20,True,False,ny,phx,95,116,22,31,22,20,0,28,27,35,26,0,home,6.0,227.0,200.0,-240.0,3.5,109.0,1.0,0,True
2023,2022-11-20,True,False,cha,wsh,102,106,27,28,24,23,0,35,24,18,29,0,home,5.0,220.5,170.0,-190.0,2.0,112.5,0.0,0,True
2023,2022-11-20,True,False,det,sac,129,137,33,37,32,27,0,38,30,34,35,0,home,10.5,234.5,425.0,-550.0,8.0,113.0,0.0,1,True
2023,2022-11-20,True,False,mia,cle,87,113,27,15,22,23,0,28,31,36,18,0,home,7.0,213.0,225.0,-265.0,1.5,103.0,1.0,0,True
2023,2022-11-21,True,False,bos,chi,107,121,23,27,29,28,0,28,35,32,26,0,away,5.5,230.0,-200.0,175.0,6.5,111.5,0.0,0,True
2023,2022-11-21,True,False,utah,lac,114,121,24,32,37,21,0,34,32,22,33,0,home,2.0,222.5,120.0,-140.0,2.5,113.5,1.0,1,True
2023,2022-11-21,True,False,ny,okc,129,119,38,31,29,31,0,34,24,29,32,0,home,2.0,227.5,105.0,-125.0,3.0,109.5,0.0,1,False
2023,2022-11-21,True,False,mia,min,101,105,33,27,19,22,0,30,17,37,21,0,home,8.5,220.5,300.0,-360.0,8.0,105.5,0.0,0,True
2023,2022-11-21,True,False,gs,no,83,128,16,25,24,18,0,35,30,32,31,0,home,11.5,227.5,450.0,-600.0,0.0,110.0,1.0,0,True
2023,2022-11-21,True,False,orl,ind,102,123,28,17,22,35,0,27,27,32,37,0,home,7.0,225.5,230.0,-270.0,1.0,108.5,1.0,0,True
2023,2022-11-21,True,False,atl,cle,102,114,26,33,23,20,0,38,26,21,29,0,home,3.5,228.0,130.0,-150.0,0.5,110.0,1.0,0,True
2023,2022-11-21,True,False,por,mil,111,119,32,29,18,32,0,30,33,30,26,0,home,9.5,214.0,375.0,-450.0,5.5,104.5,0.0,1,True
2023,2022-11-22,True,False,bkn,phi,106,115,26,31,25,24,0,33,30,22,30,0,away,8.0,217.0,-320.0,265.0,9.0,106.0,0.0,1,True
2023,2022-11-22,True,False,sac,mem,113,109,28,36,24,25,0,31,28,17,33,0,home,3.0,237.0,130.0,-150.0,2.0,115.0,0.0,0,False
2023,2022-11-22,True,False,det,den,110,108,28,30,25,27,0,29,28,24,27,0,home,12.0,227.5,475.0,-650.0,8.0,110.5,0.0,0,False
2023,2022-11-22,True,False,lal,phx,105,115,22,33,24,26,0,26,27,33,29,0,home,9.5,227.0,350.0,-420.0,7.5,114.5,1.0,0,True
2023,2022-11-23,True,False,lac,gs,107,124,29,18,35,25,0,32,34,32,26,0,home,10.0,222.5,375.0,-450.0,0.0,113.0,1.0,1,True
2023,2022-11-23,True,False,det,utah,125,116,30,36,32,27,0,25,29,36,26,0,home,12.0,233.5,475.0,-650.0,10.0,113.0,0.0,1,False
2023,2022-11-23,True,False,no,sa,129,110,29,37,38,25,0,19,28,38,25,0,away,5.5,227.5,-200.0,175.0,3.5,115.5,1.0,1,False
2023,2022-11-23,True,False,chi,mil,118,113,32,29,29,28,0,33,29,21,30,0,home,7.0,224.0,220.0,-260.0,4.5,114.0,0.0,1,False
2023,2022-11-23,True,False,den,okc,131,126,38,31,15,36,11,21,42,34,23,6,home,1.0,230.0,-110.0,-110.0,1.0,112.0,0.0,1,False
2023,2022-11-23,True,False,sac,atl,106,115,26,31,31,18,0,35,37,25,18,0,home,4.5,241.5,165.0,-185.0,2.5,117.5,1.0,0,True
2023,2022-11-23,True,False,dal,bos,112,125,23,26,36,27,0,34,36,31,24,0,home,6.0,221.0,185.0,-215.0,3.0,107.0,1.0,1,True
2023,2022-11-23,True,False,bkn,tor,112,98,38,14,39,21,0,26,25,25,22,0,away,2.5,223.0,-140.0,120.0,1.5,108.0,1.0,0,False
2023,2022-11-23,True,False,por,cle,96,114,21,27,27,21,0,28,29,30,27,0,home,7.5,213.5,240.0,-280.0,1.0,102.5,1.0,0,True
2023,2022-11-23,True,False,phi,cha,101,107,33,21,21,26,0,21,32,26,28,0,home,4.0,215.5,155.0,-175.0,3.0,105.5,1.0,0,True
2023,2022-11-23,True,False,min,ind,115,101,29,24,34,28,0,21,27,29,24,0,away,2.0,237.5,-135.0,115.0,0.5,113.5,1.0,0,False
2023,2022-11-23,True,False,wsh,mia,105,113,26,17,37,25,0,28,32,23,30,0,home,5.0,209.5,170.0,-190.0,3.0,107.5,1.0,1,True
2023,2022-11-25,True,False,sac,bos,104,122,22,40,22,20,0,36,28,30,28,0,home,7.5,238.5,250.0,-300.0,4.0,115.5,1.0,0,True
2023,2022-11-25,True,False,utah,gs,118,129,23,28,35,32,0,37,22,38,32,0,home,8.0,239.5,260.0,-315.0,2.5,121.0,1.0,1,True
2023,2022-11-25,True,False,den,lac,114,104,31,33,23,27,0,26,26,25,27,0,away,4.0,219.0,-170.0,150.0,2.0,106.0,1.0,0,False
2023,2022-11-25,True,False,det,phx,102,108,22,32,25,23,0,23,30,31,24,0,home,12.0,224.5,600.0,-900.0,8.0,107.5,0.0,0,True
2023,2022-11-25,True,False,lal,sa,105,94,33,26,20,26,0,21,20,34,19,0,away,4.0,235.0,-165.0,145.0,3.5,118.5,1.0,0,False
2023,2022-11-25,True,False,wsh,mia,107,110,38,21,26,22,0,28,28,29,25,0,home,3.0,214.5,135.0,-155.0,2.0,110.5,2.0,1,True
2023,2022-11-25,True,False,chi,okc,119,123,30,29,21,30,9,32,27,28,23,13,away,3.0,232.5,-150.0,130.0,2.5,118.0,0.0,1,True
2023,2022-11-25,True,False,phi,orl,107,99,24,28,30,25,0,29,27,20,23,0,home,1.5,215.0,105.0,-125.0,0.0,104.0,0.0,0,False
2023,2022-11-25,True,False,cle,mil,102,117,30,33,10,29,0,25,27,35,30,0,home,4.0,215.5,160.0,-180.0,4.5,105.0,1.0,1,True
2023,2022-11-25,True,False,bkn,ind,117,128,35,30,29,23,0,23,34,31,40,0,away,3.5,233.5,-155.0,135.0,0.5,113.5,0.0,1,True
2023,2022-11-25,True,False,no,mem,111,132,25,23,29,34,0,44,24,38,26,0,home,2.5,227.0,110.0,-130.0,4.5,115.0,1.0,1,True
2023,2022-11-25,True,False,por,ny,132,129,25,37,30,24,16,31,30,25,30,13,home,4.0,217.0,150.0,-170.0,3.5,105.0,0.0,1,False
2023,2022-11-25,True,False,min,cha,108,110,34,28,21,25,0,29,23,39,19,0,away,6.5,226.5,-250.0,210.0,0.0,110.5,0.0,0,True
2023,2022-11-25,True,False,atl,hou,122,128,33,39,32,18,0,38,31,25,34,0,away,7.0,232.5,-290.0,245.0,3.5,113.5,0.0,1,True
2023,2022-11-26,True,False,dal,tor,100,105,29,23,21,27,0,24,30,27,24,0,away,2.5,215.0,-140.0,120.0,3.0,103.5,0.0,0,True
2023,2022-11-26,True,False,okc,hou,105,118,22,22,29,32,0,23,42,30,23,0,away,2.0,231.5,-130.0,110.0,6.0,112.0,0.0,0,True
2023,2022-11-26,True,False,lal,sa,143,138,33,37,36,37,0,34,34,29,41,0,home,1.0,231.5,-105.0,-115.0,0.5,118.0,0.0,1,False
2023,2022-11-26,True,False,utah,phx,112,113,32,22,27,31,0,22,29,27,35,0,home,6.0,232.0,190.0,-220.0,5.5,119.5,0.0,0,True
2023,2022-11-27,True,False,cle,det,102,94,20,31,22,29,0,26,30,22,16,0,away,7.5,217.5,-300.0,250.0,7.0,105.0,1.0,0,False
2023,2022-11-27,True,False,mem,ny,127,123,25,29,39,34,0,26,26,31,40,0,away,1.5,228.5,-125.0,105.0,0.5,116.5,1.0,1,False
2023,2022-11-27,True,False,wsh,bos,121,130,26,29,33,33,0,35,37,41,17,0,home,8.0,220.5,270.0,-330.0,1.0,112.0,1.0,1,True
2023,2022-11-27,True,False,phi,orl,133,103,36,31,32,34,0,32,13,26,32,0,home,1.0,213.0,-110.0,-110.0,6.5,103.0,0.0,1,False
2023,2022-11-27,True,False,dal,mil,115,124,33,29,34,19,0,41,32,31,20,0,home,5.5,215.5,190.0,-220.0,0.5,106.5,1.0,1,True
2023,2022-11-27,True,False,ind,lac,100,114,29,28,12,31,0,35,24,23,32,0,away,1.5,220.5,-125.0,105.0,1.0,108.0,0.0,0,True
2023,2022-11-27,True,False,gs,min,137,114,47,29,33,28,0,27,29,33,25,0,away,1.5,237.0,-120.0,100.0,5.0,115.0,1.0,1,False
2023,2022-11-27,True,False,por,bkn,97,111,24,33,23,17,0,31,27,26,27,0,home,8.0,223.5,260.0,-310.0,4.5,108.0,1.0,0,True
2023,2022-11-27,True,False,mia,atl,106,98,23,28,34,21,0,31,29,21,17,0,home,4.0,226.0,145.0,-165.0,0.5,109.5,0.0,0,False
2023,2022-11-28,True,False,ind,lal,116,115,29,27,28,32,0,32,30,31,22,0,home,3.5,238.0,145.0,-165.0,0.0,115.0,0.0,0,False
2023,2022-11-28,True,False,phx,sac,122,117,31,32,28,31,0,26,38,20,33,0,home,0.0,234.0,-110.0,-110.0,0.0,118.5,0.0,1,False
2023,2022-11-28,True,False,hou,den,113,129,39,29,23,22,0,42,28,36,23,0,home,11.0,228.0,450.0,-600.0,6.0,111.0,1.0,1,True
2023,2022-11-28,True,False,okc,no,101,105,26,24,24,27,0,34,22,25,24,0,home,5.5,232.5,180.0,-210.0,1.0,118.0,0.0,0,True
2023,2022-11-28,True,False,chi,utah,114,107,27,26,33,28,0,27,33,20,27,0,home,2.0,235.0,115.0,-135.0,1.0,120.0,0.0,0,False
2023,2022-11-28,True,False,cle,tor,88,100,24,19,24,21,0,26,26,28,20,0,home,5.0,218.0,175.0,-200.0,0.5,104.0,1.0,0,True
2023,2022-11-28,True,False,orl,bkn,102,109,28,23,25,26,0,23,29,35,22,0,home,12.0,224.0,500.0,-700.0,7.0,108.5,0.0,0,True
2023,2022-11-28,True,False,min,wsh,127,142,33,25,39,30,0,38,39,32,33,0,home,1.0,228.0,-105.0,-115.0,5.5,110.5,1.0,1,True
2023,2022-11-28,True,False,atl,phi,101,104,34,21,26,20,0,23,28,30,23,0,home,2.5,220.5,110.0,-130.0,2.0,107.0,1.0,0,True
2023,2022-11-28,True,False,cha,bos,105,140,19,36,27,23,0,45,33,43,19,0,home,11.5,225.0,475.0,-650.0,0.5,110.0,1.0,1,True
2023,2022-11-29,True,False,ny,det,140,110,40,30,38,32,0,32,24,21,33,0,away,4.5,225.5,-175.0,155.0,2.0,109.0,1.0,1,False
2023,2022-11-29,True,False,gs,dal,113,116,24,30,33,26,0,36,19,37,24,0,home,1.5,227.0,-105.0,-115.0,0.5,111.0,1.0,1,True
2023,2022-11-29,True,False,lac,por,118,112,25,28,29,36,0,30,31,34,17,0,home,4.0,211.0,145.0,-165.0,0.5,107.0,0.0,1,False
2023,2022-11-30,True,False,por,lal,109,128,22,40,20,27,0,24,42,31,31,0,home,6.0,224.0,195.0,-230.0,3.0,108.5,1.0,1,True
2023,2022-11-30,True,False,ind,sac,114,137,20,28,35,31,0,33,29,44,31,0,home,4.5,242.5,160.0,-180.0,2.5,118.5,1.0,1,True
2023,2022-11-30,True,False,chi,phx,113,132,25,18,38,32,0,32,32,42,26,0,home,5.5,226.5,180.0,-210.0,3.5,115.5,1.0,1,True
2023,2022-11-30,True,False,lac,utah,112,125,26,34,25,27,0,35,23,36,31,0,home,7.5,223.0,250.0,-300.0,6.0,114.0,1.0,1,True
2023,2022-11-30,True,False,hou,den,100,120,24,23,25,28,0,44,30,22,24,0,home,11.0,230.0,500.0,-700.0,1.5,110.5,1.0,0,True
2023,2022-11-30,True,False,mem,min,101,109,26,22,24,29,0,27,17,31,34,0,away,3.0,231.5,-150.0,130.0,0.5,118.0,0.0,0,True
2023,2022-11-30,True,False,tor,no,108,126,29,18,31,30,0,40,34,28,24,0,away,2.5,221.5,-145.0,125.0,7.5,107.5,0.0,1,True
2023,2022-11-30,True,False,wsh,bkn,107,113,28,25,24,30,0,29,28,23,33,0,home,5.5,228.0,190.0,-220.0,2.0,116.5,1.0,0,True
2023,2022-11-30,True,False,mil,ny,109,103,22,25,27,35,0,20,25,26,32,0,away,6.0,227.5,-240.0,200.0,3.0,115.0,2.0,0,False
2023,2022-11-30,True,False,mia,bos,121,134,35,25,36,25,0,38,30,34,32,0,home,9.5,223.5,380.0,-460.0,3.0,109.0,1.0,1,True
2023,2022-11-30,True,False,atl,orl,125,108,38,32,30,25,0,27,23,26,32,0,away,6.5,228.0,-240.0,200.0,2.5,110.5,1.0,1,False
2023,2022-11-30,True,False,phi,cle,85,113,21,27,18,19,0,25,44,21,23,0,home,4.0,209.0,145.0,-165.0,4.5,100.0,1.0,0,True
2023,2022-11-30,True,False,sa,okc,111,119,35,42,19,15,0,32,28,28,31,0,home,3.0,230.0,130.0,-150.0,5.5,111.5,1.0,2,True
2023,2022-12-01,True,False,dal,det,125,131,36,24,29,28,8,36,25,38,18,14,away,8.0,220.5,-320.0,265.0,5.5,107.0,0.0,1,True
2023,2022-12-02,True,False,ind,utah,119,139,24,35,22,38,0,35,40,26,38,0,home,3.5,240.0,150.0,-170.0,3.5,117.0,1.0,1,True
2023,2022-12-02,True,False,hou,phx,122,121,27,30,29,36,0,36,28,32,25,0,home,11.5,229.5,475.0,-650.0,4.0,111.5,0.0,1,False
2023,2022-12-02,True,False,no,sa,117,99,26,23,32,36,0,24,28,19,28,0,away,7.0,232.5,-275.0,235.0,6.0,118.5,1.0,0,False
2023,2022-12-02,True,False,phi,mem,109,117,30,24,22,33,0,29,35,28,25,0,home,4.5,218.0,170.0,-190.0,1.0,106.0,1.0,1,True
2023,2022-12-02,True,False,orl,cle,96,107,25,22,17,32,0,27,27,28,25,0,home,11.0,217.5,450.0,-600.0,4.0,105.5,2.0,0,True
2023,2022-12-02,True,False,chi,gs,111,119,33,19,30,29,0,35,28,33,23,0,home,7.0,237.5,230.0,-270.0,0.5,120.5,1.0,0,True
2023,2022-12-02,True,False,den,atl,109,117,25,21,35,28,0,28,32,30,27,0,away,5.0,225.5,-200.0,175.0,6.0,108.0,0.0,1,True
2023,2022-12-02,True,False,lal,mil,133,129,33,33,35,32,0,31,27,39,32,0,home,8.5,231.0,300.0,-360.0,9.0,117.0,0.0,1,False
2023,2022-12-02,True,False,mia,bos,120,116,27,32,22,29,10,27,35,25,23,6,home,7.0,227.5,235.0,-275.0,3.5,111.0,0.0,1,False
2023,2022-12-02,True,False,wsh,cha,116,117,31,28,29,28,0,36,38,33,10,0,away,4.0,225.5,-170.0,150.0,5.5,114.5,0.0,1,True
2023,2022-12-02,True,False,tor,bkn,105,114,17,32,23,33,0,41,31,21,21,0,home,1.5,223.0,105.0,-125.0,6.0,108.0,1.0,0,True
2023,2022-12-03,True,False,hou,gs,101,120,23,29,28,21,0,39,29,26,26,0,home,11.5,235.0,450.0,-600.0,1.5,114.5,1.0,0,True
2023,2022-12-03,True,False,okc,min,135,128,32,31,34,38,0,29,28,44,27,0,home,5.5,233.5,180.0,-210.0,3.5,115.0,0.0,1,False
2023,2022-12-03,True,False,orl,tor,108,121,22,26,25,35,0,36,28,30,27,0,home,11.5,220.5,450.0,-600.0,2.0,106.5,1.0,1,True
2023,2022-12-03,True,False,por,utah,116,111,40,29,23,24,0,31,29,30,21,0,home,5.0,227.5,170.0,-190.0,5.0,110.5,0.0,0,False
2023,2022-12-03,True,False,sac,lac,123,96,38,22,30,33,0,24,14,31,27,0,away,3.5,228.0,-160.0,140.0,4.5,110.5,1.0,0,False
2023,2022-12-03,True,False,dal,ny,121,100,20,32,41,28,0,32,27,15,26,0,away,1.5,224.0,-120.0,100.0,1.5,108.5,1.0,0,False
2023,2022-12-03,True,False,mil,cha,105,96,30,26,28,21,0,24,21,28,23,0,away,1.5,220.0,-125.0,105.0,2.5,112.5,1.0,0,False
2023,2022-12-04,True,False,den,no,106,121,31,29,21,25,0,27,32,28,34,0,home,1.5,230.0,110.0,-130.0,2.0,112.5,1.0,0,True
2023,2022-12-04,True,False,phx,sa,133,95,35,36,35,27,0,30,11,30,24,0,away,10.0,230.5,-450.0,375.0,2.0,116.5,1.0,0,False
2023,2022-12-04,True,False,chi,sac,101,110,27,20,31,23,0,29,33,20,28,0,home,3.0,239.5,130.0,-150.0,3.0,121.5,1.0,0,True
2023,2022-12-04,True,False,mem,det,122,112,40,29,32,21,0,26,31,26,29,0,away,7.0,228.5,-250.0,210.0,0.5,117.5,1.0,1,False
2023,2022-12-04,True,False,lal,wsh,130,119,33,35,37,25,0,27,23,31,38,0,home,2.0,233.0,115.0,-135.0,5.0,118.0,0.0,1,False
2023,2022-12-04,True,False,cle,ny,81,92,16,27,20,18,0,23,23,25,21,0,away,2.5,222.5,-145.0,125.0,2.0,108.0,0.0,0,True
2023,2022-12-04,True,False,bos,bkn,103,92,35,27,13,28,0,27,23,19,23,0,away,2.5,230.5,-130.0,110.0,2.5,111.5,1.0,0,False
2023,2022-12-04,True,False,ind,por,100,116,24,25,25,26,0,28,26,39,23,0,home,5.0,232.5,175.0,-200.0,1.5,113.0,1.0,0,True
2023,2022-12-05,True,False,mia,mem,93,101,32,19,26,16,0,27,31,24,19,0,away,5.0,219.0,-210.0,180.0,5.5,106.0,0.0,0,True
2023,2022-12-05,True,False,ind,gs,112,104,34,25,30,23,0,21,29,31,23,0,home,12.0,240.0,500.0,-700.0,12.0,116.5,0.0,0,False
2023,2022-12-05,True,False,phi,hou,123,132,30,25,29,24,15,27,29,34,18,24,away,8.0,222.5,-330.0,270.0,7.0,108.5,0.0,1,True
2023,2022-12-05,True,False,phx,dal,111,130,15,26,34,36,0,33,34,29,34,0,home,3.0,223.0,130.0,-150.0,5.5,114.0,1.0,1,True
2023,2022-12-05,True,False,bos,tor,116,110,27,29,35,25,0,25,37,18,30,0,home,1.5,228.5,100.0,-120.0,0.5,110.5,0.0,0,False
2023,2022-12-05,True,False,lac,cha,119,117,28,35,21,35,0,26,28,36,27,0,away,6.0,215.0,-240.0,200.0,1.0,111.5,0.0,1,False
2023,2022-12-05,True,False,okc,atl,121,114,27,27,30,37,0,29,30,29,26,0,home,6.5,236.5,200.0,-240.0,2.5,120.0,0.0,0,False
2023,2022-12-05,True,False,mil,orl,109,102,30,26,32,21,0,21,24,27,30,0,away,10.5,226.0,-550.0,425.0,2.5,115.0,0.0,0,False
2023,2022-12-06,True,False,lal,cle,102,116,26,23,34,19,0,27,30,28,31,0,home,6.0,224.5,185.0,-215.0,2.0,114.5,1.0,0,True
2023,2022-12-06,True,False,det,mia,116,96,20,27,31,38,0,25,25,23,23,0,home,7.5,220.0,250.0,-300.0,4.0,106.5,0.0,0,False
2023,2022-12-06,True,False,dal,den,116,115,36,28,27,25,0,29,29,28,29,0,home,4.0,223.5,165.0,-185.0,4.0,108.0,0.0,1,False
2023,2022-12-07,True,False,gs,utah,123,124,35,34,22,32,0,30,36,34,24,0,home,5.5,230.5,180.0,-210.0,4.5,113.0,0.0,1,True
2023,2022-12-07,True,False,wsh,chi,111,115,22,27,32,30,0,29,23,28,35,0,home,5.0,227.0,175.0,-200.0,2.0,115.5,0.0,0,True
2023,2022-12-07,True,False,det,no,98,104,28,15,30,25,0,27,29,23,25,0,home,11.0,229.0,425.0,-550.0,2.0,110.5,0.0,0,True
2023,2022-12-07,True,False,okc,mem,102,123,25,27,35,15,0,27,30,37,29,0,home,8.5,233.0,290.0,-350.0,3.5,112.5,1.0,0,True
2023,2022-12-07,True,False,sac,mil,113,126,29,32,33,19,0,34,34,29,29,0,home,6.5,236.0,210.0,-250.0,2.0,115.0,1.0,1,True
2023,2022-12-07,True,False,atl,ny,89,113,20,21,26,22,0,31,22,36,24,0,home,2.5,232.5,120.0,-140.0,2.5,111.5,1.0,0,True
2023,2022-12-07,True,False,cha,bkn,116,122,28,27,32,29,0,38,35,23,26,0,home,10.0,223.0,375.0,-450.0,0.5,108.0,0.0,1,True
2023,2022-12-07,True,False,bos,phx,125,98,31,38,35,21,0,21,21,23,33,0,home,2.0,230.5,110.0,-130.0,7.0,111.0,0.0,0,False
2023,2022-12-07,True,False,lal,tor,113,126,31,16,28,38,0,39,31,27,29,0,home,12.5,229.0,525.0,-750.0,1.0,116.0,1.0,1,True
2023,2022-12-07,True,False,lac,orl,111,116,32,17,29,21,12,14,26,31,28,17,away,6.5,216.5,-250.0,210.0,1.0,109.0,0.0,1,True
2023,2022-12-07,True,False,ind,min,115,121,17,44,29,25,0,35,28,27,31,0,home,5.0,238.0,170.0,-190.0,2.5,115.5,1.0,0,True
2023,2022-12-08,True,False,hou,sa,109,118,29,25,23,32,0,24,27,39,28,0,away,2.0,230.5,-130.0,110.0,0.5,111.0,0.0,0,True
2023,2022-12-08,True,False,den,por,121,120,30,33,26,32,0,36,28,35,21,0,away,2.0,227.5,-130.0,110.0,1.0,111.5,0.0,1,False
2023,2022-12-08,True,False,lac,mia,110,115,28,26,33,23,0,20,36,28,31,0,home,6.5,211.0,210.0,-250.0,3.5,107.0,0.0,1,True
2023,2022-12-09,True,False,mil,dal,106,105,32,20,21,33,0,33,15,36,21,0,home,1.0,224.5,-105.0,-115.0,1.0,114.0,0.0,0,False
2023,2022-12-09,True,False,phx,no,117,128,27,25,30,35,0,26,29,40,33,0,away,1.5,229.0,-125.0,105.0,1.0,117.0,0.0,1,True
2023,2022-12-09,True,False,det,mem,103,114,27,26,25,25,0,34,27,37,16,0,home,11.0,227.5,425.0,-550.0,3.5,110.0,2.0,0,True
2023,2022-12-09,True,False,atl,bkn,116,120,30,34,26,26,0,36,32,28,24,0,home,7.0,232.5,240.0,-280.0,3.0,113.5,0.0,1,True
2023,2022-12-09,True,False,min,utah,118,108,28,33,21,36,0,24,22,33,29,0,home,0.0,234.5,-110.0,-110.0,4.0,113.0,0.0,0,False
2023,2022-12-09,True,False,sac,cle,106,95,31,18,30,27,0,20,29,31,15,0,home,3.5,217.0,140.0,-160.0,3.0,105.0,0.0,0,False
2023,2022-12-09,True,False,wsh,ind,111,121,33,32,24,22,0,31,38,26,26,0,home,4.0,232.5,145.0,-165.0,1.0,118.5,1.0,0,True
2023,2022-12-09,True,False,tor,orl,109,113,25,38,24,22,0,37,30,27,19,0,away,8.5,223.5,-350.0,290.0,7.0,109.0,0.0,0,True
2023,2022-12-09,True,False,ny,cha,121,102,22,33,34,32,0,20,29,22,31,0,away,4.0,224.0,-175.0,155.0,0.5,108.5,1.0,0,False
2023,2022-12-09,True,False,lal,phi,122,133,20,39,24,37,2,31,30,32,27,13,home,5.0,227.5,175.0,-200.0,2.5,115.5,1.0,1,True
2023,2022-12-10,True,False,utah,den,110,115,26,26,38,20,0,28,33,31,23,0,home,11.5,228.5,450.0,-600.0,3.5,115.0,0.0,0,True
2023,2022-12-10,True,False,sa,mia,115,111,25,34,27,29,0,29,28,27,27,0,home,12.0,223.0,500.0,-700.0,8.0,108.0,0.0,1,False
2023,2022-12-10,True,False,bkn,ind,136,133,40,29,26,41,0,38,38,24,33,0,home,8.5,226.0,270.0,-330.0,2.5,109.5,0.0,1,False
2023,2022-12-10,True,False,lac,wsh,114,107,28,32,26,28,0,29,34,21,23,0,away,5.0,218.5,-200.0,175.0,4.5,111.5,1.0,1,False
2023,2022-12-10,True,False,okc,cle,102,110,22,24,26,30,0,28,31,23,28,0,home,4.5,218.5,170.0,-190.0,2.0,105.5,1.0,0,True
2023,2022-12-10,True,False,dal,chi,115,144,30,23,32,30,0,40,42,31,31,0,home,5.0,220.5,175.0,-200.0,4.5,108.5,1.0,1,True
2023,2022-12-10,True,False,bos,gs,107,123,25,38,20,24,0,33,35,27,28,0,away,2.5,237.0,-135.0,115.0,2.0,115.5,0.0,0,True
2023,2022-12-10,True,False,min,por,118,124,27,39,26,26,0,32,33,29,30,0,home,5.5,230.0,180.0,-210.0,4.0,112.0,1.0,1,True
2023,2022-12-11,True,False,lal,det,124,117,32,29,30,33,0,26,23,41,27,0,away,5.0,234.0,-200.0,175.0,0.5,118.0,1.0,1,False
2023,2022-12-11,True,False,chi,atl,122,123,27,23,28,32,12,22,36,27,25,13,home,3.5,235.5,140.0,-160.0,1.0,120.0,0.0,1,True
2023,2022-12-11,True,False,cha,phi,113,131,21,33,33,26,0,20,41,35,35,0,home,10.5,219.5,400.0,-500.0,3.5,107.5,1.0,1,True
2023,2022-12-11,True,False,mil,hou,92,97,25,23,31,13,0,19,31,24,23,0,away,10.0,227.0,-450.0,375.0,7.5,114.5,0.0,0,True
2023,2022-12-11,True,False,sac,ny,99,112,22,28,30,19,0,36,30,29,17,0,home,2.5,226.0,120.0,-140.0,3.5,109.5,1.0,0,True
2023,2022-12-11,True,False,tor,orl,99,111,19,20,36,24,0,18,29,35,29,0,away,6.5,223.0,-250.0,210.0,5.5,107.0,0.0,0,True
2023,2022-12-11,True,False,phx,no,124,129,36,22,35,24,7,29,28,41,19,12,home,3.5,226.5,145.0,-165.0,2.5,115.5,1.0,1,True
2023,2022-12-12,True,False,mia,ind,87,82,26,21,20,20,0,19,23,22,18,0,away,3.5,229.0,-155.0,135.0,0.5,110.0,1.0,0,False
2023,2022-12-12,True,False,bkn,wsh,112,100,29,33,32,18,0,25,30,28,17,0,away,6.0,227.0,-200.0,175.0,1.0,110.5,1.0,0,False
2023,2022-12-12,True,False,atl,mem,103,128,29,22,25,27,0,35,27,40,26,0,home,9.5,220.5,350.0,-420.0,2.5,108.0,1.0,1,True
2023,2022-12-12,True,False,cle,sa,111,112,27,22,29,33,0,29,36,27,20,0,away,9.5,221.5,-410.0,340.0,9.5,108.0,0.0,1,True
2023,2022-12-12,True,False,okc,dal,114,121,28,24,38,24,0,23,43,31,24,0,home,8.5,226.5,290.0,-350.0,0.5,110.0,0.0,1,True
2023,2022-12-12,True,False,min,por,112,133,27,32,25,28,0,33,37,36,27,0,home,4.0,229.5,150.0,-170.0,1.5,111.5,1.0,1,True
2023,2022-12-12,True,False,bos,lac,93,113,25,22,25,21,0,29,27,32,25,0,away,4.0,225.0,-175.0,155.0,4.0,110.0,0.0,0,True
2023,2022-12-13,True,False,bos,lal,122,118,37,28,23,22,12,24,26,32,28,8,away,4.0,237.0,-170.0,150.0,3.0,115.0,2.0,1,False
2023,2022-12-13,True,False,no,utah,100,121,30,15,26,29,0,29,23,39,30,0,away,2.0,232.5,-130.0,110.0,3.5,118.5,0.0,0,True
2023,2022-12-13,True,False,sac,phi,103,123,32,23,28,20,0,39,41,21,22,0,home,4.0,229.5,145.0,-165.0,3.5,112.0,1.0,0,True
2023,2022-12-13,True,False,gs,mil,111,128,27,25,25,34,0,38,26,31,33,0,home,3.0,232.0,125.0,-145.0,2.5,113.0,1.0,1,True
2023,2022-12-13,True,False,phx,hou,97,111,20,15,32,30,0,27,27,30,27,0,away,6.5,224.0,-240.0,200.0,9.0,112.5,0.0,0,True
2023,2022-12-14,True,False,cle,dal,105,90,26,34,23,22,0,19,22,27,22,0,home,2.5,217.0,120.0,-140.0,6.0,105.0,0.0,0,False
2023,2022-12-14,True,False,min,lac,88,99,21,22,22,23,0,19,19,29,32,0,home,7.0,221.5,225.0,-265.0,6.0,107.0,1.0,0,True
2023,2022-12-14,True,False,wsh,den,128,141,31,36,28,33,0,38,34,30,39,0,home,11.5,224.5,475.0,-650.0,4.5,115.5,1.0,1,True
2023,2022-12-14,True,False,por,sa,128,112,39,34,24,31,0,28,29,32,23,0,away,7.5,231.0,-310.0,260.0,1.0,111.5,1.0,1,False
2023,2022-12-14,True,False,mia,okc,110,108,31,33,22,24,0,31,21,32,24,0,away,2.5,222.5,-140.0,120.0,3.0,107.0,0.0,0,False
2023,2022-12-14,True,False,sac,tor,124,123,23,36,29,36,0,31,31,32,29,0,home,5.0,232.0,175.0,-200.0,2.5,112.5,0.0,1,False
2023,2022-12-14,True,False,det,cha,141,134,35,38,34,20,14,33,36,28,30,7,home,4.5,230.0,165.0,-185.0,3.0,111.5,0.0,1,False
2023,2022-12-14,True,False,atl,orl,124,135,22,40,32,30,0,50,26,29,30,0,away,3.0,226.0,-145.0,125.0,5.5,110.0,0.0,1,True
2023,2022-12-14,True,False,gs,ind,119,125,26,28,33,32,0,27,47,19,32,0,away,1.5,239.0,-120.0,100.0,7.0,114.5,0.0,1,True
2023,2022-12-14,True,False,ny,chi,128,120,29,35,28,25,11,28,27,33,29,3,home,3.5,226.5,135.0,-155.0,3.5,109.0,0.0,1,False
2023,2022-12-15,True,False,mil,mem,101,142,18,23,30,30,0,33,37,47,25,0,home,3.5,226.5,125.0,-145.0,6.0,115.5,1.0,1,True
2023,2022-12-15,True,False,mia,hou,111,108,29,37,20,25,0,29,23,33,23,0,away,3.0,216.5,-155.0,135.0,3.0,104.5,2.0,1,False
2023,2022-12-15,True,False,no,utah,129,132,25,37,33,28,6,27,31,33,32,9,away,1.5,232.0,-120.0,100.0,0.5,119.0,0.0,1,True
2023,2022-12-15,True,False,phx,lac,111,95,29,35,25,22,0,18,19,33,25,0,away,6.5,218.5,-240.0,200.0,3.0,110.5,1.0,0,False
2023,2022-12-16,True,False,atl,cha,125,106,38,37,23,27,0,24,35,33,14,0,home,2.5,240.5,120.0,-140.0,5.0,116.0,0.0,0,False
2023,2022-12-16,True,False,ny,chi,114,91,29,29,29,27,0,32,21,22,16,0,home,2.5,226.0,120.0,-140.0,2.0,109.5,0.0,0,False
2023,2022-12-16,True,False,min,okc,112,110,30,33,25,24,0,28,22,41,19,0,home,4.5,234.5,155.0,-175.0,5.5,113.0,0.0,0,False
2023,2022-12-16,True,False,gs,phi,106,118,38,19,24,25,0,33,22,33,30,0,home,8.5,222.5,320.0,-380.0,6.5,108.0,1.0,1,True
2023,2022-12-16,True,False,sac,det,122,113,28,27,38,29,0,29,34,23,27,0,away,6.0,237.0,-240.0,200.0,5.5,115.5,1.0,0,False
2023,2022-12-16,True,False,bkn,tor,119,116,19,33,36,31,0,29,33,22,32,0,away,1.0,224.5,-120.0,100.0,3.0,108.0,1.0,1,False
2023,2022-12-16,True,False,orl,bos,117,109,32,30,26,29,0,28,26,27,28,0,home,13.0,225.5,650.0,-1000.0,11.5,110.0,0.0,1,False
2023,2022-12-16,True,False,por,dal,110,130,32,31,22,25,0,31,41,38,20,0,home,4.0,227.0,160.0,-180.0,1.0,110.5,1.0,1,True
2023,2022-12-16,True,False,ind,cle,112,118,31,30,33,18,0,29,25,29,35,0,home,8.0,222.0,250.0,-300.0,8.0,108.5,0.0,1,True
2023,2022-12-16,True,False,den,lal,108,126,32,33,23,20,0,33,31,29,33,0,away,2.0,236.5,-130.0,110.0,1.0,114.5,0.0,0,True
2023,2022-12-17,True,False,mem,okc,109,115,21,22,33,33,0,25,39,27,24,0,away,11.0,229.5,-550.0,425.0,9.0,115.5,0.0,0,True
2023,2022-12-17,True,False,utah,mil,97,123,22,25,36,14,0,27,29,36,31,0,home,1.5,226.5,105.0,-125.0,1.5,115.0,1.0,0,True
2023,2022-12-17,True,False,no,phx,114,118,34,29,26,25,0,27,19,38,34,0,home,3.0,227.5,130.0,-150.0,6.5,116.0,1.0,1,True
2023,2022-12-17,True,False,dal,cle,99,100,29,20,26,21,3,27,20,20,29,4,home,8.5,212.5,290.0,-350.0,7.0,103.5,0.0,0,True
2023,2022-12-17,True,False,mia,sa,111,101,25,27,28,31,0,28,27,29,17,0,away,8.0,222.5,-330.0,270.0,6.5,107.0,1.0,0,False
2023,2022-12-17,True,False,por,hou,107,95,33,24,28,22,0,27,24,14,30,0,away,3.0,228.0,-150.0,130.0,0.0,111.5,1.0,0,False
2023,2022-12-17,True,False,wsh,lac,93,102,28,29,18,18,0,20,30,22,30,0,home,5.0,219.0,175.0,-200.0,4.5,112.5,1.0,0,True
2023,2022-12-18,True,False,orl,bos,95,92,26,24,18,27,0,23,18,30,21,0,home,10.5,223.0,425.0,-550.0,10.0,108.5,0.0,0,False
2023,2022-12-18,True,False,ny,ind,109,106,29,25,30,25,0,28,25,32,21,0,home,1.0,227.0,-110.0,-110.0,10.0,108.5,0.0,0,False
2023,2022-12-18,True,False,bkn,det,124,121,21,33,44,26,0,35,36,25,25,0,away,8.0,227.5,-350.0,290.0,9.0,110.5,0.0,1,False
2023,2022-12-18,True,False,gs,tor,126,110,36,32,34,24,0,26,28,26,30,0,home,6.0,223.0,190.0,-220.0,7.0,109.0,0.0,1,False
2023,2022-12-18,True,False,chi,min,126,150,34,31,32,29,0,32,39,42,37,0,away,1.5,234.0,-130.0,110.0,2.0,118.5,0.0,1,True
2023,2022-12-18,True,False,cha,den,115,119,25,27,28,35,0,20,35,39,25,0,home,9.0,235.0,320.0,-380.0,4.5,120.0,0.0,0,True
2023,2022-12-18,True,False,wsh,lal,117,119,29,23,36,29,0,30,36,21,32,0,home,3.5,236.5,130.0,-150.0,3.0,119.5,0.0,0,True
2023,2022-12-19,True,False,tor,phi,101,104,23,23,32,21,2,22,35,21,21,5,home,6.5,220.0,225.0,-265.0,0.5,106.5,0.0,0,True
2023,2022-12-19,True,False,cha,sac,125,119,39,27,25,34,0,30,33,29,27,0,home,10.0,241.5,400.0,-500.0,7.5,117.0,0.0,1,False
2023,2022-12-19,True,False,lal,phx,104,130,24,20,33,27,0,38,30,31,31,0,home,11.0,224.5,450.0,-600.0,0.5,114.0,1.0,1,True
2023,2022-12-19,True,False,sa,hou,124,105,35,25,32,32,0,28,34,14,29,0,home,4.5,226.5,165.0,-185.0,2.5,110.0,0.0,1,False
2023,2022-12-19,True,False,mil,no,128,119,30,36,34,28,0,27,34,29,29,0,home,0.0,227.5,-110.0,-110.0,1.0,116.5,0.0,1,False
2023,2022-12-19,True,False,utah,cle,99,122,21,23,27,28,0,29,33,28,32,0,home,7.0,220.0,210.0,-250.0,2.0,112.0,1.0,1,True
2023,2022-12-19,True,False,dal,min,106,116,30,14,30,32,0,21,36,37,22,0,away,5.5,231.0,-210.0,180.0,6.5,110.0,0.0,0,True
2023,2022-12-19,True,False,orl,atl,125,126,27,38,29,31,0,34,34,36,22,0,home,8.5,230.0,290.0,-350.0,4.5,111.5,0.0,1,True
2023,2022-12-19,True,False,por,okc,121,123,28,30,36,27,0,28,33,33,29,0,away,4.0,232.5,-170.0,150.0,2.0,113.0,0.0,1,True
2023,2022-12-20,True,False,wsh,phx,113,110,27,26,27,33,0,30,18,30,32,0,home,7.5,222.5,245.0,-290.0,6.5,114.0,0.0,1,False
2023,2022-12-20,True,False,mem,den,91,105,14,26,31,20,0,35,20,29,21,0,away,1.5,235.0,-125.0,105.0,4.5,118.5,0.0,0,True
2023,2022-12-20,True,False,chi,mia,113,103,31,21,36,25,0,21,36,20,26,0,home,1.5,221.5,100.0,-120.0,0.5,113.0,0.0,0,False
2023,2022-12-20,True,False,utah,det,126,111,31,30,34,31,0,24,36,25,26,0,away,2.0,229.0,-140.0,120.0,1.5,118.0,1.0,1,False
2023,2022-12-20,True,False,gs,ny,94,132,25,31,25,13,0,33,36,31,32,0,home,6.5,220.5,190.0,-220.0,1.0,106.5,1.0,1,True
2023,2022-12-21,True,False,cha,lac,105,126,19,21,34,31,0,37,34,26,29,0,home,9.0,228.5,290.0,-350.0,3.0,111.5,1.0,1,True
2023,2022-12-21,True,False,lal,sac,120,134,26,32,28,34,0,25,41,40,28,0,home,8.0,240.0,260.0,-310.0,1.0,121.5,1.0,1,True
2023,2022-12-21,True,False,dal,min,104,99,29,22,24,29,0,31,21,22,25,0,away,2.5,228.0,-130.0,110.0,2.0,110.5,1.0,0,False
2023,2022-12-21,True,False,por,okc,98,101,32,22,24,20,0,22,27,29,23,0,away,3.5,233.5,-165.0,145.0,1.0,111.0,0.0,0,True
2023,2022-12-21,True,False,tor,ny,113,106,28,35,24,26,0,27,26,27,26,0,home,2.0,217.0,110.0,-130.0,3.5,105.0,0.0,1,False
2023,2022-12-21,True,False,orl,hou,116,110,25,29,31,31,0,31,33,23,23,0,home,1.0,223.5,-110.0,-110.0,2.0,109.0,0.0,1,False
2023,2022-12-21,True,False,chi,atl,110,108,30,31,20,29,0,25,26,26,31,0,home,5.0,236.0,175.0,-200.0,5.5,120.0,0.0,0,False
2023,2022-12-21,True,False,ind,bos,117,112,42,29,29,17,0,22,21,42,27,0,home,9.5,232.0,375.0,-450.0,12.0,111.0,0.0,0,False
2023,2022-12-21,True,False,det,phi,93,113,29,22,27,15,0,37,26,29,21,0,home,12.0,222.0,500.0,-700.0,3.0,108.0,1.0,0,True
2023,2022-12-21,True,False,mil,cle,106,114,20,22,35,29,0,35,25,33,21,0,home,2.5,216.5,120.0,-140.0,4.5,108.5,1.0,1,True
2023,2022-12-21,True,False,gs,bkn,113,143,17,34,28,34,0,46,45,18,34,0,home,10.5,223.5,425.0,-550.0,2.0,109.5,1.0,1,True
2023,2022-12-22,True,False,sa,no,117,126,17,29,29,42,0,37,28,29,32,0,home,8.5,228.0,290.0,-350.0,1.5,111.0,1.0,1,True
2023,2022-12-22,True,False,wsh,utah,112,120,27,39,24,22,0,30,30,33,27,0,home,7.0,231.5,220.0,-260.0,7.5,118.0,1.0,1,True
2023,2022-12-23,True,False,dal,hou,112,106,30,31,20,31,0,24,26,34,22,0,away,7.0,220.0,-260.0,220.0,0.0,106.5,0.0,0,False
2023,2022-12-23,True,False,cha,lal,134,130,27,40,30,37,0,31,36,20,43,0,home,3.0,243.0,130.0,-150.0,1.5,117.5,0.0,1,False
2023,2022-12-23,True,False,mem,phx,125,100,39,20,38,28,0,20,18,31,31,0,away,3.0,226.5,-150.0,130.0,4.5,115.0,1.0,0,False
2023,2022-12-23,True,False,wsh,sac,125,111,28,40,34,23,0,27,23,33,28,0,home,7.5,239.0,270.0,-330.0,8.5,120.5,0.0,0,False
2023,2022-12-23,True,False,no,okc,128,125,33,31,16,32,16,23,23,31,35,13,home,1.5,233.0,100.0,-120.0,5.5,119.0,0.0,1,False
2023,2022-12-23,True,False,ind,mia,111,108,31,25,28,27,0,28,30,24,26,0,home,6.0,224.0,205.0,-245.0,3.0,109.0,0.0,0,False
2023,2022-12-23,True,False,por,den,107,120,27,37,16,27,0,32,26,35,27,0,home,5.5,233.0,175.0,-200.0,4.5,113.0,1.0,0,True
2023,2022-12-23,True,False,chi,ny,118,117,29,29,31,29,0,22,38,32,25,0,home,6.0,225.0,195.0,-230.0,3.5,114.5,0.0,1,False
2023,2022-12-23,True,False,tor,cle,118,107,39,30,29,20,0,31,22,25,29,0,home,4.5,214.0,170.0,-190.0,6.5,104.0,0.0,1,False
2023,2022-12-23,True,False,min,bos,109,121,29,27,30,23,0,22,32,34,33,0,home,9.5,228.5,375.0,-450.0,7.5,115.5,1.0,1,True
2023,2022-12-23,True,False,det,atl,105,130,34,29,18,24,0,32,28,35,35,0,home,9.5,234.0,350.0,-420.0,7.0,113.5,1.0,1,True
2023,2022-12-23,True,False,mil,bkn,100,118,29,18,28,25,0,36,24,25,33,0,home,2.0,230.0,120.0,-140.0,3.0,116.5,1.0,0,True
2023,2022-12-23,True,False,lac,phi,114,119,33,30,22,29,0,24,27,34,34,0,home,4.0,214.0,150.0,-170.0,4.5,110.5,1.0,1,True
2023,2022-12-23,True,False,sa,orl,113,133,28,33,28,24,0,34,27,33,39,0,home,6.0,228.5,195.0,-230.0,4.0,111.5,1.0,1,True
2023,2022-12-25,True,False,mem,gs,109,123,29,25,30,25,0,33,26,40,24,0,away,7.0,232.0,-270.0,230.0,7.5,117.5,0.0,2,True
2023,2022-12-25,True,False,mil,bos,118,139,28,33,25,32,0,36,26,38,39,0,home,5.5,227.0,190.0,-220.0,3.0,116.0,1.0,1,True
2023,2022-12-25,True,False,phx,den,125,128,24,33,27,29,12,28,23,30,32,15,home,4.0,228.5,150.0,-170.0,5.0,115.5,0.0,1,True
2023,2022-12-25,True,False,phi,ny,119,112,25,35,35,24,0,37,26,33,16,0,away,2.0,215.5,-125.0,105.0,1.5,104.5,1.0,1,False
2023,2022-12-25,True,False,lal,dal,115,124,28,26,21,40,0,21,22,51,30,0,home,7.5,231.5,260.0,-310.0,7.0,116.5,1.0,1,True
2023,2022-12-26,True,False,bkn,cle,125,117,34,31,26,34,0,22,27,30,38,0,home,2.0,220.0,110.0,-130.0,5.0,107.5,0.0,1,False
2023,2022-12-26,True,False,lac,det,142,131,31,35,30,32,14,36,25,39,28,3,away,6.0,222.5,-220.0,190.0,1.5,114.0,1.0,1,False
2023,2022-12-26,True,False,min,mia,110,113,31,25,30,24,0,33,26,34,20,0,home,1.0,222.0,105.0,-125.0,1.0,107.5,1.0,1,True
2023,2022-12-26,True,False,hou,chi,133,118,36,28,35,34,0,26,39,24,29,0,home,7.0,231.5,230.0,-270.0,4.0,112.0,0.0,1,False
2023,2022-12-26,True,False,utah,sa,122,126,26,30,26,40,0,31,32,33,30,0,away,4.5,236.0,-185.0,165.0,4.5,119.5,0.0,1,True
2023,2022-12-26,True,False,ind,no,93,113,18,20,24,31,0,24,33,33,23,0,home,2.0,234.5,110.0,-130.0,4.5,112.0,1.0,0,True
2023,2022-12-26,True,False,cha,por,113,124,34,33,28,18,0,30,31,40,23,0,home,5.5,239.0,180.0,-210.0,4.5,116.0,1.0,0,True
2023,2022-12-27,True,False,sa,okc,114,130,33,27,33,21,0,38,32,25,35,0,home,7.0,235.0,240.0,-280.0,1.0,113.5,1.0,1,True
2023,2022-12-27,True,False,cha,gs,105,110,26,26,26,27,0,37,28,24,21,0,home,5.0,240.0,170.0,-190.0,1.5,115.5,2.0,0,True
2023,2022-12-27,True,False,den,sac,113,106,20,27,32,34,0,32,24,27,23,0,away,3.0,237.5,-155.0,135.0,4.0,113.5,1.0,0,False
2023,2022-12-27,True,False,ny,dal,121,126,30,33,29,23,6,28,27,27,33,11,home,5.5,216.0,180.0,-210.0,5.5,105.0,0.0,1,True
2023,2022-12-27,True,False,phx,mem,125,108,23,42,32,28,0,22,27,31,28,0,home,8.0,224.5,260.0,-310.0,9.0,113.5,0.0,1,False
2023,2022-12-27,True,False,lal,orl,129,110,33,32,27,37,0,27,28,28,27,0,home,3.0,237.0,130.0,-150.0,3.5,119.5,0.0,1,False
2023,2022-12-27,True,False,atl,ind,114,129,27,27,32,28,0,30,34,32,33,0,away,1.5,238.5,-125.0,105.0,3.0,115.5,0.0,1,True
2023,2022-12-27,True,False,hou,bos,102,126,21,28,32,21,0,22,34,36,34,0,home,15.0,229.5,850.0,-1500.0,6.5,110.5,1.0,0,True
2023,2022-12-27,True,False,phi,wsh,111,116,30,26,29,26,0,32,35,27,22,0,away,4.5,224.5,-190.0,170.0,5.5,109.5,0.0,1,True
2023,2022-12-27,True,False,lac,tor,124,113,27,33,37,27,0,29,27,26,31,0,home,4.0,220.0,150.0,-170.0,2.0,112.0,0.0,1,False
2023,2022-12-28,True,False,orl,det,101,121,23,24,30,24,0,27,39,26,29,0,away,1.0,229.0,-120.0,100.0,5.5,112.0,0.0,0,True
2023,2022-12-28,True,False,phx,wsh,102,127,21,34,29,18,0,36,28,29,34,0,away,2.0,220.5,-140.0,120.0,3.0,112.0,0.0,1,True
2023,2022-12-28,True,False,lal,mia,98,112,25,27,26,20,0,33,28,34,17,0,home,9.0,227.5,310.0,-370.0,2.5,115.5,1.0,0,True
2023,2022-12-28,True,False,bkn,atl,108,107,31,25,27,25,0,30,33,17,27,0,away,7.0,229.0,-290.0,245.0,7.0,111.5,0.0,0,False
2023,2022-12-28,True,False,min,no,118,119,28,27,33,30,0,24,25,37,33,0,home,6.5,234.0,210.0,-250.0,6.0,117.5,0.0,1,True
2023,2022-12-28,True,False,mil,chi,113,119,32,23,27,24,7,28,29,22,27,13,away,2.5,231.0,-140.0,120.0,2.0,117.5,0.0,1,True
2023,2022-12-28,True,False,den,sac,126,127,40,35,30,21,0,24,38,32,33,0,home,3.0,237.0,130.0,-150.0,4.5,114.5,0.0,1,True
2023,2022-12-28,True,False,utah,gs,107,112,37,22,35,13,0,27,27,34,24,0,away,4.5,232.0,-180.0,160.0,1.5,118.5,0.0,0,True
2023,2022-12-29,True,False,hou,dal,114,129,30,21,28,35,0,36,29,34,30,0,home,10.0,226.5,375.0,-450.0,1.0,110.0,1.0,1,True
2023,2022-12-29,True,False,mem,tor,119,106,30,27,36,26,0,20,23,32,31,0,away,4.0,230.0,-175.0,155.0,2.0,117.0,1.0,0,False
2023,2022-12-29,True,False,ny,sa,115,122,29,24,26,36,0,38,26,28,30,0,away,4.5,222.0,-180.0,160.0,5.5,107.5,0.0,1,True
2023,2022-12-29,True,False,cle,ind,126,135,34,34,28,30,0,29,35,35,36,0,away,4.0,225.5,-170.0,150.0,1.5,110.0,0.0,1,True
2023,2022-12-29,True,False,okc,cha,113,121,30,30,24,29,0,36,21,28,36,0,home,2.5,238.5,110.0,-130.0,1.0,115.5,1.0,0,True
2023,2022-12-29,True,False,lac,bos,110,116,26,23,36,25,0,27,33,24,32,0,home,6.5,228.0,220.0,-260.0,0.5,116.5,0.0,0,True
2023,2022-12-30,True,False,wsh,orl,119,100,27,29,42,21,0,20,27,26,27,0,away,4.5,226.5,-175.0,155.0,0.5,115.5,1.0,0,False
2023,2022-12-30,True,False,por,gs,112,118,25,31,40,16,0,41,19,28,30,0,away,1.0,234.0,-120.0,100.0,1.0,113.0,0.0,0,True
2023,2022-12-30,True,False,mia,den,119,124,19,38,33,29,0,23,37,25,39,0,home,4.5,224.0,160.0,-180.0,1.5,109.0,1.0,1,True
2023,2022-12-30,True,False,phi,no,116,127,27,33,31,25,0,31,36,32,28,0,away,1.0,230.5,-115.0,-105.0,2.5,112.0,0.0,1,True
2023,2022-12-30,True,False,utah,sac,125,126,27,30,30,38,0,30,30,31,35,0,home,3.0,242.5,130.0,-150.0,1.5,123.5,0.0,1,True
2023,2022-12-30,True,False,det,chi,118,132,25,33,34,26,0,33,27,35,37,0,home,7.0,230.0,250.0,-300.0,4.0,117.0,1.0,1,True
2023,2022-12-30,True,False,phx,tor,104,113,24,27,28,25,0,33,20,33,27,0,home,2.0,222.0,110.0,-130.0,1.0,112.5,1.0,0,True
2023,2022-12-30,True,False,lal,atl,130,121,23,39,36,32,0,33,34,28,26,0,home,6.0,242.0,195.0,-230.0,2.0,123.5,0.0,1,False
2023,2022-12-30,True,False,min,mil,114,123,34,27,22,31,0,33,17,39,34,0,home,7.5,229.5,260.0,-310.0,8.0,111.0,1.0,1,True
2023,2022-12-31,True,False,mia,utah,126,123,31,38,27,30,0,30,33,35,25,0,home,4.0,225.0,155.0,-175.0,3.0,110.5,0.0,1,False
2023,2022-12-31,True,False,dal,sa,126,125,32,36,35,23,0,30,34,29,32,0,away,7.5,231.5,-280.0,240.0,3.5,111.5,0.0,1,False
2023,2022-12-31,True,False,ny,hou,108,88,27,26,29,26,0,35,14,21,18,0,away,3.5,222.0,-165.0,145.0,1.5,109.0,1.0,0,False
2023,2022-12-31,True,False,bkn,cha,123,106,32,29,36,26,0,22,27,30,27,0,away,6.5,237.5,-250.0,210.0,0.0,115.0,1.0,0,False
2023,2022-12-31,True,False,cle,chi,103,102,28,32,24,19,0,30,25,22,25,0,away,1.0,223.5,-125.0,105.0,1.0,108.0,2.0,0,False
2023,2022-12-31,True,False,det,min,116,104,28,22,38,28,0,39,25,24,16,0,home,7.5,233.5,245.0,-290.0,1.0,118.0,0.0,0,False
2023,2022-12-31,True,False,phi,okc,115,96,38,31,20,26,0,20,23,29,24,0,away,2.5,224.5,-140.0,120.0,5.5,108.5,1.0,0,False
2023,2022-12-31,True,False,no,mem,101,116,25,25,29,22,0,31,22,30,33,0,home,7.0,236.5,220.0,-260.0,3.0,121.5,1.0,0,True
2023,2022-12-31,True,False,lac,ind,130,131,22,33,38,37,0,32,30,31,38,0,away,2.5,231.0,-140.0,120.0,3.0,117.5,0.0,1,True
2023,2023-01-01,True,False,wsh,mil,118,95,34,34,20,30,0,17,33,20,25,0,home,1.5,220.5,115.0,-135.0,6.0,114.0,0.0,0,False
2023,2023-01-01,True,False,bos,den,111,123,28,26,31,26,0,37,25,36,25,0,away,3.5,234.0,-170.0,150.0,4.5,114.0,0.0,2,True
2023,2023-01-01,True,False,sac,mem,108,118,26,32,29,21,0,27,32,32,27,0,home,3.5,239.5,150.0,-170.0,2.5,116.5,1.0,0,True
2023,2023-01-02,True,False,det,por,106,135,27,25,30,24,0,22,39,41,33,0,home,9.5,231.5,350.0,-420.0,2.5,118.0,1.0,1,True
2023,2023-01-02,True,False,phx,ny,83,102,11,20,27,25,0,23,31,25,23,0,home,2.5,219.5,120.0,-140.0,5.5,111.5,1.0,0,True
2023,2023-01-02,True,False,lal,cha,121,115,22,38,34,27,0,21,24,31,39,0,home,2.0,241.5,110.0,-130.0,5.0,122.0,0.0,0,False
2023,2023-01-02,True,False,tor,ind,114,122,33,24,33,24,0,29,37,25,31,0,away,2.0,233.5,-130.0,110.0,3.0,113.0,0.0,1,True
2023,2023-01-02,True,False,no,phi,111,120,25,27,29,30,0,33,24,27,36,0,home,5.5,229.5,185.0,-215.0,2.0,117.5,1.0,1,True
2023,2023-01-02,True,False,chi,cle,134,145,34,31,31,34,4,27,20,44,39,15,home,4.0,225.0,150.0,-170.0,6.5,114.0,1.0,1,True
2023,2023-01-02,True,False,sa,bkn,103,139,25,22,32,24,0,37,37,34,31,0,home,12.0,236.5,550.0,-800.0,0.5,114.5,1.0,1,True
2023,2023-01-02,True,False,den,min,111,124,23,30,32,26,0,23,36,31,34,0,away,4.5,231.0,-170.0,150.0,5.0,111.0,0.0,1,True
2023,2023-01-02,True,False,dal,hou,111,106,18,26,39,28,0,26,29,32,19,0,away,7.0,227.5,-300.0,250.0,7.5,108.5,0.0,0,False
2023,2023-01-02,True,False,atl,gs,141,143,26,27,42,26,20,38,32,25,26,22,home,1.5,236.5,105.0,-125.0,4.5,115.0,1.0,1,True
2023,2023-01-02,True,False,mia,lac,110,100,34,33,14,29,0,28,21,34,17,0,away,1.0,217.5,-115.0,-105.0,4.5,107.0,1.0,0,False
2023,2023-01-03,True,False,wsh,mil,113,123,28,21,36,28,0,32,29,29,33,0,home,7.5,232.5,250.0,-300.0,0.5,118.5,1.0,1,True
2023,2023-01-03,True,False,bos,okc,117,150,33,21,37,26,0,34,40,48,28,0,away,11.5,228.5,-600.0,450.0,12.5,110.0,0.0,1,True
2023,2023-01-03,True,False,sac,utah,117,115,35,25,28,29,0,23,28,38,26,0,home,3.0,242.5,130.0,-150.0,4.5,116.5,0.0,0,False
2023,2023-01-04,True,False,det,gs,122,119,34,26,31,31,0,26,30,32,31,0,home,6.5,232.5,225.0,-265.0,6.5,119.0,0.0,1,False
2023,2023-01-04,True,False,por,min,106,113,24,29,32,21,0,29,31,29,24,0,away,1.5,234.0,-125.0,105.0,2.5,118.5,0.0,0,True
2023,2023-01-04,True,False,mia,lal,109,112,23,25,30,31,0,32,20,27,33,0,away,8.5,224.0,-350.0,290.0,8.0,109.5,0.0,0,True
2023,2023-01-04,True,False,atl,sac,120,117,30,31,30,29,0,30,28,30,29,0,home,1.5,245.5,105.0,-125.0,1.0,119.5,0.0,0,False
2023,2023-01-04,True,False,bkn,chi,112,121,33,26,26,27,0,40,29,19,33,0,away,5.0,234.0,-190.0,170.0,6.0,114.0,0.0,0,True
2023,2023-01-04,True,False,hou,no,108,119,22,30,21,35,0,45,30,23,21,0,home,7.0,228.0,225.0,-265.0,2.5,111.0,1.0,0,True
2023,2023-01-04,True,False,sa,ny,114,117,29,26,34,25,0,39,23,32,23,0,home,10.0,225.5,350.0,-420.0,3.5,110.5,0.0,1,True
2023,2023-01-04,True,False,phx,cle,88,90,14,29,21,24,0,15,18,26,31,0,home,5.0,216.0,175.0,-200.0,5.5,109.0,0.0,0,True
2023,2023-01-04,True,False,ind,phi,126,129,28,33,23,36,6,27,39,31,23,9,home,5.0,233.5,175.0,-200.0,1.0,113.5,0.0,1,True
2023,2023-01-04,True,False,mil,tor,104,101,13,26,24,34,7,12,26,21,38,4,home,5.5,223.0,180.0,-210.0,4.0,113.0,0.0,0,False
2023,2023-01-04,True,False,mem,cha,131,107,40,36,26,29,0,26,21,26,34,0,away,7.0,236.5,-280.0,240.0,4.0,120.5,1.0,1,False
2023,2023-01-04,True,False,okc,orl,115,126,28,25,35,27,0,31,39,25,31,0,away,1.0,229.5,-120.0,100.0,5.0,111.5,0.0,1,True
2023,2023-01-05,True,False,mem,orl,123,115,22,43,27,31,0,20,23,35,37,0,away,6.5,230.0,-240.0,200.0,3.0,118.0,1.0,1,False
2023,2023-01-05,True,False,bos,dal,124,95,29,35,25,35,0,20,26,19,30,0,away,3.0,231.5,-150.0,130.0,3.5,112.0,1.0,0,False
2023,2023-01-05,True,False,utah,hou,131,114,31,33,31,36,0,23,33,30,28,0,away,7.0,232.0,-260.0,220.0,1.5,119.0,1.0,1,False
2023,2023-01-05,True,False,lac,den,91,122,15,17,27,32,0,32,34,36,20,0,home,4.5,229.5,170.0,-190.0,6.0,115.0,1.0,0,True
2023,2023-01-06,True,False,atl,lal,114,130,28,21,33,32,0,37,33,28,32,0,away,2.5,242.0,-145.0,125.0,6.5,117.5,0.0,1,True
2023,2023-01-06,True,False,mia,phx,104,96,30,21,27,26,0,23,23,27,23,0,away,1.0,210.5,-120.0,100.0,0.5,103.0,1.0,0,False
2023,2023-01-06,True,False,lac,min,115,128,33,21,25,36,0,37,31,32,28,0,home,5.5,224.0,190.0,-220.0,2.0,114.5,1.0,1,True
2023,2023-01-06,True,False,cle,den,108,121,28,30,24,26,0,26,36,32,27,0,home,5.0,222.0,175.0,-200.0,2.0,107.5,1.0,1,True
2023,2023-01-06,True,False,bkn,no,108,102,27,26,35,20,0,28,36,21,17,0,away,4.5,232.0,-175.0,155.0,6.0,112.5,1.0,0,False
2023,2023-01-06,True,False,det,sa,109,121,28,20,28,33,0,31,20,35,35,0,home,1.5,236.5,-105.0,-115.0,0.0,119.0,1.0,0,True
2023,2023-01-06,True,False,chi,phi,126,112,25,34,40,27,0,30,25,29,28,0,home,5.0,234.5,175.0,-200.0,5.0,118.5,0.0,1,False
2023,2023-01-06,True,False,ny,tor,112,108,30,27,24,31,0,26,21,31,30,0,home,4.0,216.0,150.0,-170.0,4.5,105.0,0.0,1,False
2023,2023-01-06,True,False,por,ind,99,108,29,26,27,17,0,26,28,27,27,0,home,1.0,237.5,105.0,-125.0,0.5,122.0,1.0,0,True
2023,2023-01-06,True,False,wsh,okc,110,127,17,25,38,30,0,35,33,35,24,0,home,1.0,231.0,100.0,-120.0,6.5,117.5,1.0,1,True
2023,2023-01-06,True,False,cha,mil,138,109,51,33,28,26,0,28,32,27,22,0,home,10.0,230.0,380.0,-460.0,11.0,111.0,0.0,1,False
2023,2023-01-07,True,False,lal,sac,136,134,37,36,36,27,0,38,35,36,25,0,home,7.5,242.0,250.0,-300.0,5.0,123.0,0.0,1,False
2023,2023-01-07,True,False,orl,gs,115,101,28,34,30,23,0,29,30,23,19,0,home,6.5,231.0,210.0,-250.0,5.0,112.5,0.0,0,False
2023,2023-01-07,True,False,no,dal,117,127,15,31,35,36,0,34,29,34,30,0,home,9.0,223.0,320.0,-380.0,0.5,113.5,1.0,1,True
2023,2023-01-07,True,False,bos,sa,121,116,33,35,25,28,0,30,27,32,27,0,away,14.5,234.5,-1400.0,800.0,5.0,113.5,0.0,1,False
2023,2023-01-07,True,False,utah,chi,118,126,24,25,40,29,0,28,25,31,42,0,away,2.5,239.0,-135.0,115.0,2.0,121.0,0.0,1,True
2023,2023-01-08,True,False,atl,lac,112,108,25,41,19,27,0,26,26,35,21,0,home,2.5,233.5,120.0,-140.0,5.0,112.5,0.0,0,False
2023,2023-01-08,True,False,min,hou,104,96,24,34,19,27,0,33,29,19,15,0,away,3.5,232.5,-160.0,140.0,2.5,112.0,1.0,0,False
2023,2023-01-08,True,False,dal,okc,109,120,34,21,28,26,0,33,36,27,24,0,home,4.0,227.0,155.0,-175.0,2.5,110.0,1.0,1,True
2023,2023-01-08,True,False,utah,mem,118,123,24,28,38,28,0,23,43,32,25,0,home,5.5,234.0,190.0,-220.0,1.0,118.5,0.0,1,True
2023,2023-01-08,True,False,cle,phx,112,98,35,22,23,32,0,26,28,25,19,0,away,6.0,215.0,-230.0,195.0,3.0,105.0,1.0,0,False
2023,2023-01-08,True,False,cha,ind,111,116,27,18,34,32,0,15,32,26,43,0,home,5.5,240.5,190.0,-220.0,3.0,114.5,0.0,0,True
2023,2023-01-08,True,False,por,tor,105,117,27,26,21,31,0,34,24,31,28,0,home,3.0,226.5,130.0,-150.0,0.5,116.5,1.0,0,True
2023,2023-01-08,True,False,phi,det,123,111,35,36,29,23,0,27,27,28,29,0,away,5.5,229.0,-210.0,180.0,2.5,112.5,1.0,1,False
2023,2023-01-08,True,False,bkn,mia,102,101,31,35,13,23,0,30,34,18,19,0,away,3.0,223.5,-130.0,110.0,1.0,108.0,0.0,0,False
2023,2023-01-09,True,False,no,wsh,132,112,35,33,32,32,0,37,19,32,24,0,home,1.5,227.5,105.0,-125.0,3.5,115.0,0.0,1,False
2023,2023-01-09,True,False,mil,ny,111,107,22,24,27,38,0,22,29,27,29,0,home,0.0,218.5,100.0,-120.0,1.5,112.0,0.0,0,False
2023,2023-01-09,True,False,chi,bos,99,107,25,25,23,26,0,28,31,25,23,0,home,9.0,236.5,320.0,-380.0,2.0,119.5,0.0,0,True
2023,2023-01-09,True,False,sa,mem,113,121,25,36,31,21,0,35,37,25,24,0,home,11.0,234.0,425.0,-550.0,3.0,113.0,0.0,2,True
2023,2023-01-09,True,False,lal,den,109,122,23,25,31,30,0,29,33,32,28,0,home,13.0,236.5,550.0,-800.0,3.0,120.0,2.0,0,True
2023,2023-01-09,True,False,orl,sac,111,136,31,21,32,27,0,41,31,35,29,0,home,6.5,237.0,215.0,-255.0,2.5,114.5,1.0,1,True
2023,2023-01-10,True,False,dal,lac,101,113,25,22,31,23,0,31,38,19,25,0,home,1.5,224.5,100.0,-120.0,5.5,109.0,1.0,0,True
2023,2023-01-10,True,False,orl,por,109,106,33,17,32,27,0,20,30,23,33,0,home,8.5,229.0,280.0,-340.0,6.0,112.0,0.0,0,False
2023,2023-01-10,True,False,phx,gs,125,113,31,28,39,27,0,26,19,34,34,0,home,12.0,230.0,525.0,-750.0,11.5,116.0,0.0,1,False
2023,2023-01-10,True,False,cle,utah,114,116,24,31,29,30,0,31,24,33,28,0,away,2.5,226.5,-140.0,120.0,1.5,110.5,0.0,1,True
2023,2023-01-10,True,False,cha,tor,120,132,34,32,28,26,0,35,37,24,36,0,home,7.5,229.5,250.0,-300.0,2.5,111.5,1.0,1,True
2023,2023-01-10,True,False,det,phi,116,147,20,23,32,41,0,27,38,42,40,0,home,14.5,225.5,800.0,-1400.0,2.0,115.5,1.0,1,True
2023,2023-01-10,True,False,okc,mia,111,112,26,30,32,23,0,31,32,26,23,0,home,1.5,221.0,105.0,-125.0,1.0,108.0,0.0,1,True
2023,2023-01-11,True,False,phx,den,97,126,28,26,21,22,0,34,36,30,26,0,home,14.5,226.5,700.0,-1100.0,4.0,114.5,1.0,0,True
2023,2023-01-11,True,False,sa,mem,129,135,37,25,35,32,0,32,44,36,23,0,home,13.5,241.0,700.0,-1100.0,3.0,117.0,0.0,1,True
2023,2023-01-11,True,False,ind,ny,113,119,21,20,40,32,0,37,25,33,24,0,home,5.0,226.5,175.0,-200.0,3.0,110.5,1.0,1,True
2023,2023-01-11,True,False,hou,sac,115,135,27,35,33,20,0,31,36,27,41,0,home,9.0,236.5,320.0,-380.0,3.5,114.5,1.0,1,True
2023,2023-01-11,True,False,mil,atl,114,105,39,28,22,25,0,19,27,36,23,0,away,4.0,227.5,-175.0,155.0,3.5,115.5,1.0,0,False
2023,2023-01-11,True,False,min,det,118,135,34,30,23,31,0,31,34,36,34,0,away,6.5,233.5,-250.0,210.0,4.5,113.5,0.0,1,True
2023,2023-01-11,True,False,chi,wsh,97,100,29,30,21,17,0,25,21,41,13,0,away,1.5,227.5,-125.0,105.0,3.0,116.0,0.0,0,True
2023,2023-01-11,True,False,no,bos,114,125,32,26,27,29,0,35,29,33,28,0,home,9.0,230.0,330.0,-400.0,3.5,116.5,1.0,1,True
2023,2023-01-12,True,False,okc,phi,133,114,35,32,34,32,0,35,22,28,29,0,home,10.5,233.5,375.0,-450.0,11.0,119.0,0.0,1,False
2023,2023-01-12,True,False,bos,bkn,109,98,29,31,24,25,0,31,26,25,16,0,away,1.0,225.0,-115.0,-105.0,0.5,109.5,1.0,0,False
2023,2023-01-12,True,False,cha,tor,114,124,29,26,33,26,0,38,31,28,27,0,home,7.5,229.5,260.0,-310.0,0.5,111.0,1.0,1,True
2023,2023-01-12,True,False,mil,mia,102,108,23,22,28,29,0,14,31,33,30,0,home,5.5,211.5,190.0,-220.0,4.0,107.0,1.0,0,True
2023,2023-01-12,True,False,dal,lal,119,115,36,23,23,19,18,22,26,28,25,14,away,2.5,236.5,-140.0,120.0,2.0,115.0,1.0,0,False
2023,2023-01-12,True,False,cle,por,119,113,27,24,36,32,0,32,26,33,22,0,away,1.5,224.0,-120.0,100.0,2.0,108.5,1.0,1,False
2023,2023-01-13,True,False,hou,sac,114,139,32,34,26,22,0,36,33,43,27,0,home,9.5,238.0,350.0,-420.0,4.5,116.0,1.0,1,True
2023,2023-01-13,True,False,den,lac,115,103,32,25,29,29,0,34,24,23,22,0,home,5.0,221.0,170.0,-190.0,3.0,107.5,0.0,0,False
2023,2023-01-13,True,False,orl,utah,108,112,27,29,27,25,0,36,25,27,24,0,home,5.5,233.5,180.0,-210.0,1.5,113.5,0.0,0,True
2023,2023-01-13,True,False,phx,min,116,121,25,24,26,41,0,35,29,28,29,0,home,6.5,222.5,200.0,-240.0,1.0,114.0,0.0,1,True
2023,2023-01-13,True,False,okc,chi,124,110,33,39,19,33,0,31,27,32,20,0,home,4.5,233.5,155.0,-175.0,5.5,113.0,0.0,1,False
2023,2023-01-13,True,False,no,det,116,110,32,27,33,24,0,28,22,33,27,0,away,5.5,235.0,-210.0,180.0,0.0,119.5,1.0,0,False
2023,2023-01-13,True,False,ny,wsh,112,108,19,31,30,32,0,21,32,23,32,0,away,3.5,220.0,-155.0,135.0,3.0,106.0,1.0,2,False
2023,2023-01-13,True,False,atl,ind,113,111,36,19,29,29,0,27,31,31,22,0,away,3.5,239.0,-160.0,140.0,3.0,116.0,0.0,0,False
2023,2023-01-13,True,False,gs,sa,144,113,33,41,40,30,0,28,32,29,24,0,away,8.5,243.5,-340.0,280.0,0.5,118.0,1.0,1,False
2023,2023-01-14,True,False,mil,mia,95,111,20,25,26,24,0,28,25,24,34,0,home,4.0,213.0,155.0,-175.0,0.5,109.0,1.0,0,True
2023,2023-01-14,True,False,bos,cha,122,106,31,31,33,27,0,34,32,19,21,0,away,7.5,232.5,-330.0,270.0,6.0,112.5,1.0,0,False
2023,2023-01-14,True,False,mem,ind,130,112,36,32,29,33,0,28,24,27,33,0,away,7.5,239.5,-330.0,270.0,0.5,122.0,1.0,1,False
2023,2023-01-14,True,False,atl,tor,114,103,34,35,27,18,0,25,32,22,24,0,home,7.5,232.0,240.0,-280.0,6.0,111.5,0.0,0,False
2023,2023-01-14,True,False,cle,min,102,110,25,29,26,22,0,27,22,28,33,0,away,4.0,224.0,-175.0,155.0,1.0,109.0,0.0,0,True
2023,2023-01-14,True,False,phi,utah,118,117,41,25,22,30,0,24,32,29,32,0,away,7.0,231.5,-290.0,245.0,0.5,113.0,0.0,1,False
2023,2023-01-14,True,False,dal,por,119,136,30,26,34,29,0,31,40,35,30,0,home,3.0,226.5,150.0,-170.0,1.5,110.5,1.0,1,True
2023,2023-01-15,True,False,phi,lal,113,112,33,24,29,27,0,32,26,25,29,0,away,5.5,234.5,-210.0,180.0,4.0,114.5,0.0,0,False
2023,2023-01-15,True,False,dal,por,123,140,31,23,41,28,0,33,28,37,42,0,home,9.0,224.0,320.0,-380.0,3.0,108.5,1.0,1,True
2023,2023-01-15,True,False,orl,den,116,119,25,29,34,28,0,31,38,25,25,0,home,10.5,234.0,425.0,-550.0,0.5,113.0,0.0,1,True
2023,2023-01-15,True,False,sac,sa,132,119,33,30,39,30,0,32,32,26,29,0,away,6.5,246.0,-250.0,210.0,4.5,119.0,1.0,1,False
2023,2023-01-15,True,False,ny,det,117,104,39,23,28,27,0,22,33,25,24,0,away,8.5,225.0,-350.0,290.0,2.5,109.0,1.0,0,False
2023,2023-01-15,True,False,gs,chi,118,132,20,42,24,32,0,35,24,33,40,0,away,6.0,237.5,-230.0,195.0,3.0,116.5,0.0,1,True
2023,2023-01-15,True,False,hou,lac,100,121,30,33,27,10,0,31,31,29,30,0,home,10.0,221.0,400.0,-500.0,6.5,108.5,1.0,2,True
2023,2023-01-15,True,False,okc,bkn,112,102,28,20,27,37,0,24,26,30,22,0,home,4.5,230.5,155.0,-175.0,2.5,116.0,0.0,0,False
2023,2023-01-16,True,False,utah,min,126,125,27,25,35,39,0,27,31,37,30,0,home,4.0,232.0,155.0,-175.0,0.0,119.0,0.0,1,False
2023,2023-01-16,True,False,hou,lal,132,140,35,26,37,34,0,37,36,29,38,0,home,7.5,236.5,240.0,-280.0,0.0,116.0,1.0,1,True
2023,2023-01-16,True,False,phx,mem,106,136,36,29,23,18,0,29,39,39,29,0,home,12.5,231.0,550.0,-800.0,6.5,118.0,1.0,1,True
2023,2023-01-16,True,False,mia,atl,113,121,26,24,30,33,0,38,32,21,30,0,home,1.0,223.0,-105.0,-115.0,5.0,108.5,1.0,1,True
2023,2023-01-16,True,False,bos,cha,130,118,35,31,26,38,0,22,33,31,32,0,away,8.5,229.5,-350.0,290.0,1.5,112.0,1.0,1,False
2023,2023-01-16,True,False,tor,ny,123,121,29,27,25,29,13,25,34,28,23,11,home,1.5,218.5,100.0,-120.0,0.0,106.5,0.0,1,False
2023,2023-01-16,True,False,no,cle,103,113,25,25,31,22,0,24,23,31,35,0,home,7.5,223.5,250.0,-300.0,6.5,114.0,1.0,0,True
2023,2023-01-16,True,False,ind,mil,119,132,38,38,22,21,0,32,33,28,39,0,home,5.0,228.5,175.0,-200.0,5.0,112.0,1.0,1,True
2023,2023-01-16,True,False,gs,wsh,127,118,35,34,24,34,0,33,31,29,25,0,away,3.0,234.5,-140.0,120.0,0.5,114.5,1.0,1,False
